country_name,country_code,region,income_group,year,gdp_usd,population,life_expectancy,unemployment_rate,co2_emissions_per_capita,access_to_electricity_pct,source_file,ingested_at
Argentina,ARG,Latin America & Caribbean,Upper middle income,2022,605916557421.0,45842679.0,76.4,7.84,4.06,100.0,wdi_extract_2024Q4.csv,2026-08-18 04:12:07
Kenya,KEN,Sub-Saharan Africa,Lower middle income,2013,63469775918.0,44102703.0,63.1,5.6,0.35,36.49,wdi_extract_2024Q4.csv,2026-08-18 04:12:07
India,IND,South Asia,Lower middle income,2005,1039695373532.0,1146674626.0,64.8,7.73,1.17,67.62,wdi_extract_2024Q4.csv,2026-08-18 04:12:07
Japan,JPN,East Asia & Pacific,High income,2006,5488714090063.0,127593505.0,82.0,5.19,9.61,100.0,wdi_extract_2024Q4.csv,2026-08-18 04:12:07
Nigeria,NGA,Sub-Saharan Africa,Lower middle income,2005,216847555731.0,141243362.0,48.7,3.71,0.73,47.69,wdi_extract_2024Q4.csv,2026-08-18 04:12:07
Argentina,ARG,Latin America & Caribbean,Upper middle income,2005,348735337054.0,39159410.0,74.7,11.02,4.26,96.94,wdi_extract_2024Q4.csv,2026-08-18 04:12:07
Ethiopia,ETH,Sub-Saharan Africa,Low income,2004,16577026212.0,74779667.0,55.7,2.6,0.06,16.78,wdi_extract_2024Q4.csv,2026-08-18 04:12:07
United Kingdom,GBR,Europe & Central Asia,High income,2023,3486660743113.0,68417046.0,81.4,4.15,4.76,100.0,wdi_extract_2024Q4.csv,2026-08-18 04:12:07
Argentina,ARG,Latin America & Caribbean,Upper middle income,2018,442592780261.0,44462345.0,76.3,9.53,4.12,100.0,wdi_extract_2024Q4.csv,2026-08-18 04:12:07
United Kingdom,GBR,Europe & Central Asia,High income,2016,2838052207259.0,65450167.0,80.9,5.43,6.3,100.0,wdi_extract_2024Q4.csv,2026-08-18 04:12:07
United Kingdom,GBR,Europe & Central Asia,High income,2005,2113430183935.0,60780996.0,79.2,652.0,8.92,99.81,wdi_extract_2024Q4.csv,2026-08-18 04:12:07
Nigeria,NGA,Sub-Saharan Africa,Lower middle income,2020,420410072437.0,208336964.0,53.0,7.94,0.55,56.9,wdi_extract_2024Q4.csv,2026-08-18 04:12:07
Thailand,THA,East Asia & Pacific,Upper middle income,2022,530623737852.0,71672649.0,77.0,1.03,3.78,99.73,wdi_extract_2024Q4.csv,2026-08-18 04:12:07
United Kingdom,GBR,Europe & Central Asia,High income,2010,2504053678480.0,62730416.0,80.2,8.62,7.82,99.99,wdi_extract_2024Q4.csv,2026-08-18 04:12:07
Thailand,THA,East Asia & Pacific,Upper middle income,2008,296264452689.0,66336562.0,73.3,1.26,3.75,96.07,wdi_extract_2024Q4.csv,2026-08-18 04:12:07
Argentina,ARG,Latin America & Caribbean,Upper middle income,2006,366439728287.0,39573038.0,74.9,10.09,4.01,96.8,wdi_extract_2024Q4.csv,2026-08-18 04:12:07
Japan,JPN,East Asia & Pacific,High income,2016,5398247174491.0,127066317.0,83.9,3.4,8.87,99.65,wdi_extract_2024Q4.csv,2026-08-18 04:12:07
Turkiye,TUR,Europe & Central Asia,Upper middle income,2004,481339869509.0,66822477.0,73.0,8.76,3.66,100.0,wdi_extract_2024Q4.csv,2026-08-18 04:12:07
India,IND,South Asia,Lower middle income,2017,2602911549906.0,1350914680.0,69.7,6.3,1.72,91.61,wdi_extract_2024Q4.csv,2026-08-18 04:12:07
South Africa,ZAF,Sub-Saharan Africa,Upper middle income,2013,405658680971.0,53496266.0,61.0,25.17,8.09,83.6,wdi_extract_2024Q4.csv,2026-08-18 04:12:07
"Egypt, Arab Rep.",EGY,Middle East & North Africa,Lower middle income,2000,101242185546.0,68750438.0,68.4,8.63,1.85,98.19,wdi_extract_2024Q4.csv,2026-08-18 04:12:07
Brazil,BRA,Latin America & Caribbean,Upper middle income,2013,2101344239487.0,201287303.0,74.1,9.31,2.21,98.85,wdi_extract_2024Q4.csv,2026-08-18 04:12:07
Australia,AUS,East Asia & Pacific,High income,2014,1289258898115.0,23505624.0,82.3,5.28,16.4,100.0,wdi_extract_2024Q4.csv,2026-08-18 04:12:07
Argentina,ARG,Latin America & Caribbean,Upper middle income,2008,398177335452.0,40412443.0,75.3,9.1,4.33,98.13,wdi_extract_2024Q4.csv,2026-08-18 04:12:07
Germany,DEU,Europe & Central Asia,High income,2011,3530853568565.0,82013881.0,80.1,6.5,9.02,100.0,wdi_extract_2024Q4.csv,2026-08-18 04:12:07
"Egypt, Arab Rep.",EGY,Middle East & North Africa,Lower middle income,2015,261598243413.0,92346178.0,70.5,8.93,2.32,99.44,wdi_extract_2024Q4.csv,2026-08-18 04:12:07
Indonesia,IDN,East Asia & Pacific,Upper middle income,2019,1153030409018.0,269450949.0,71.5,3.73,2.21,98.52,wdi_extract_2024Q4.csv,2026-08-18 04:12:07
Iran,IRN,Middle East & North Africa,Lower middle income,2019,396740735984.0,81658029.0,76.7,10.97,7.6,100.0,manual_addendum.xlsx,2026-08-20 16:03:11
Mexico,MEX,Latin America & Caribbean,Upper middle income,2001,763642628603.0,100410597.0,74.4,2.78,3.88,95.9,wdi_extract_2024Q4.csv,2026-08-18 04:12:07
Netherlands,NLD,Europe & Central Asia,High income,2023,1130843577014.0,17895362.0,82.2,3.53,7.31,99.98,wdi_extract_2024Q4.csv,2026-08-18 04:12:07
Turkiye,TUR,Europe & Central Asia,Upper middle income,2011,791034797796.0,73490260.0,75.5,11.39,4.12,100.0,wdi_extract_2024Q4.csv,2026-08-18 04:12:07
Japan,JPN,East Asia & Pacific,High income,2021,4556685729719.0,125529665.0,84.4,2.7,8.0,99.82,wdi_extract_2024Q4.csv,2026-08-18 04:12:07
United States,USA,North America,High income,2008,14242072305835.0,304128655.0,78.1,8.51,18.04,100.0,wdi_extract_2024Q4.csv,2026-08-18 04:12:07
Ethiopia,ETH,Sub-Saharan Africa,Low income,2010,29577977933.0,87642605.0,61.8,2.02,0.08,22.91,wdi_extract_2024Q4.csv,2026-08-18 04:12:07
United States,USA,North America,High income,2021,25706922355204.0,331794622.0,76.6,5.72,13.82,99.7,wdi_extract_2024Q4.csv,2026-08-18 04:12:07
Thailand,THA,East Asia & Pacific,Upper middle income,2021,512326770356.0,71495757.0,77.3,1.06,3.77,100.0,wdi_extract_2024Q4.csv,2026-08-18 04:12:07
Poland,POL,Europe & Central Asia,High income,2008,415210002455.0,38069154.0,76.0,10.77,8.22,100.0,wdi_extract_2024Q4.csv,2026-08-18 04:12:07
Germany,DEU,Europe & Central Asia,High income,2015,3746739094641.0,82484948.0,80.7,5.2,8.7,100.0,wdi_extract_2024Q4.csv,2026-08-18 04:12:07
Canada,CAN,North America,High income,2012,1680782895492.0,34779384.0,81.4,7.5,15.81,99.93,wdi_extract_2024Q4.csv,2026-08-18 04:12:07
India,IND,South Asia,Lower middle income,2008,1425157242669.0,1198739622.0,66.1,7.69,1.31,72.6,wdi_extract_2024Q4.csv,2026-08-18 04:12:07
India,IND,South Asia,Lower middle income,2016,2428176431239.0,1333012048.0,69.2,6.24,1.73,90.55,wdi_extract_2024Q4.csv,2026-08-18 04:12:07
Turkiye,TUR,Europe & Central Asia,Upper middle income,2005,529366913096.0,67743521.0,73.4,8.75,3.63,99.95,wdi_extract_2024Q4.csv,2026-08-18 04:12:07
China,CHN,East Asia & Pacific,Upper middle income,2000,1202852737556.0,1262519942.0,71.7,3.46,2.62,98.35,wdi_extract_2024Q4.csv,2026-08-18 04:12:07
Mexico,MEX,Latin America & Caribbean,Upper middle income,2008,1000001911467.0,111035167.0,75.6,4.92,4.05,98.79,wdi_extract_2024Q4.csv,2026-08-18 04:12:07
China,CHN,East Asia & Pacific,Upper middle income,2001,1692591861273.0,1270990600.0,72.0,3.59,3.15,99.12,wdi_extract_2024Q4.csv,2026-08-18 04:12:07
Mexico,MEX,Latin America & Caribbean,Upper middle income,2006,925224904677.0,107957154.0,75.2,4.38,3.71,98.58,wdi_extract_2024Q4.csv,2026-08-18 04:12:07
Indonesia,IDN,East Asia & Pacific,Upper middle income,2018,1077436091189.0,266519568.0,71.2,3.78,2.16,98.84,wdi_extract_2024Q4.csv,2026-08-18 04:12:07
Brazil,BRA,Latin America & Caribbean,Upper middle income,2011,2167883023250.0,197778644.0,73.5,8.73,2.14,98.69,wdi_extract_2024Q4.csv,2026-08-18 04:12:07
France,FRA,Europe & Central Asia,High income,2004,1915977800378.0,62466245.0,80.1,8.85,6.1,100.0,wdi_extract_2024Q4.csv,2026-08-18 04:12:07
Thailand,THA,East Asia & Pacific,Upper middle income,2011,356196972765.0,67665834.0,74.7,0.94,4.1,99.15,wdi_extract_2024Q4.csv,2026-08-18 04:12:07
United States,USA,North America,High income,2007,13681061820142.0,301112838.0,78.2,7.87,18.62,100.0,wdi_extract_2024Q4.csv,2026-08-18 04:12:07
Russian Federation,RUS,Europe & Central Asia,Upper middle income,2018,1667268071896.0,144383404.0,72.5,4.67,11.18,99.65,wdi_extract_2024Q4.csv,2026-08-18 04:12:07
Norway,NOR,Europe & Central Asia,High income,2013,423547964533.0,5041506.0,81.8,3.59,8.4,..,wdi_extract_2024Q4.csv,2026-08-18 04:12:07
Ethiopia,ETH,Sub-Saharan Africa,Low income,2016,73519096138.0,105269329.0,65.0,2.8,0.12,39.7,wdi_extract_2024Q4.csv,2026-08-18 04:12:07
Russian Federation,RUS,Europe & Central Asia,Upper middle income,2008,1265754530108.0,143806416.0,68.2,8.37,11.86,99.57,wdi_extract_2024Q4.csv,2026-08-18 04:12:07
South Africa ,ZAF,Sub-Saharan Africa,Upper middle income,2000,137217508811.0,44924289.0,56.3,24.58,8.02,70.79,wdi_extract_2024Q4.csv,2026-08-18 04:12:07
Canada,CAN,North America,High income,2000,747339109419.0,30668584.0,79.3,7.0,16.87,100.0,wdi_extract_2024Q4.csv,2026-08-18 04:12:07
Poland,POL,Europe & Central Asia,High income,2007,393769123330.0,38041660.0,75.6,12.49,8.19,99.52,wdi_extract_2024Q4.csv,2026-08-18 04:12:07
United Kingdom,GBR,Europe & Central Asia,High income,2006,2156957683836.0,61277982.0,79.4,6.98,8.43,99.68,wdi_extract_2024Q4.csv,2026-08-18 04:12:07
Kenya,KEN,Sub-Saharan Africa,Lower middle income,2000,12670426003.0,30888293.0,51.5,4.62,0.3,15.13,wdi_extract_2024Q4.csv,2026-08-18 04:12:07
Kenya,KEN,Sub-Saharan Africa,Lower middle income,2011,51026886716.0,42394914.0,62.0,5.68,0.33,24.84,wdi_extract_2024Q4.csv,2026-08-18 04:12:07
Kenya,KEN,Sub-Saharan Africa,Lower middle income,2015,75520649176.0,45886388.0,64.3,5.91,0.35,47.9,wdi_extract_2024Q4.csv,2026-08-18 04:12:07
Saudi Arabia,SAU,Middle East & North Africa,High income,2005,363527559339.0,24056578.0,73.7,5.13,15.1,99.12,wdi_extract_2024Q4.csv,2026-08-18 04:12:07
Germany,DEU,Europe & Central Asia,High income,2022,4450654216265.0,84081466.0,81.2,3.23,6.89,99.57,wdi_extract_2024Q4.csv,2026-08-18 04:12:07
Mexico,MEX,Latin America & Caribbean,Upper middle income,2023,1815091.26,128499475.0,75.0,2.85,3.57,99.83,wdi_extract_2024Q4.csv,2026-08-18 04:12:07
Indonesia,IDN,East Asia & Pacific,Upper middle income,2000,163388276234.0,213953767.0,66.0,6.24,1.3,86.81,wdi_extract_2024Q4.csv,2026-08-18 04:12:07
"Egypt, Arab Rep.",EGY,Middle East & North Africa,Lower middle income,2014,258427727307.0,90534289.0,70.4,9.13,2.27,99.78,wdi_extract_2024Q4.csv,2026-08-18 04:12:07
Nigeria,NGA,Sub-Saharan Africa,Lower middle income,2019,441545930547.0,203221153.0,52.9,5.71,0.59,55.9,wdi_extract_2024Q4.csv,2026-08-18 04:12:07
Poland,POL,Europe & Central Asia,High income,2020,665063320720.0,37545617.0,77.0,3.38,7.52,99.76,wdi_extract_2024Q4.csv,2026-08-18 04:12:07
Germany,DEU,Europe & Central Asia,High income,2008,3118917984407.0,81913852.0,79.8,7.46,9.76,100.0,wdi_extract_2024Q4.csv,2026-08-18 04:12:07
United Kingdom,GBR,Europe & Central Asia,High income,2004,1975866991908.0,60418678.0,78.7,6.05,8.4,100.0,wdi_extract_2024Q4.csv,2026-08-18 04:12:07
United States,USA,North America,High income,2016,18847662581527.0,322214417.0,78.9,5.96,15.94,100.0,wdi_extract_2024Q4.csv,2026-08-18 04:12:07
Vietnam,VNM,East Asia & Pacific,Lower middle income,2023,436456332584.0,100297431.0,74.6,1.59,3.4,99.88,wdi_extract_2024Q4.csv,2026-08-18 04:12:07
Sweden,SWE,Europe & Central Asia,High income,2016,515665284727.0,9976813.0,82.6,6.98,4.14,100.0,wdi_extract_2024Q4.csv,2026-08-18 04:12:07
Kenya,KEN,Sub-Saharan Africa,Lower middle income,2021,113184543107.0,52240022.99999997,63.5,5.86,0.38,72.22,wdi_extract_2024Q4.csv,2026-08-18 04:12:07
Canada,CAN,North America,High income,2004,1113151526040.0,32002183.0,80.2,7.18,16.41,100.0,wdi_extract_2024Q4.csv,2026-08-18 04:12:07
Ethiopia,ETH,Sub-Saharan Africa,Low income,2109,23053136834.0,81117589.0,58.9,2.23,0.07,19.93,wdi_extract_2024Q4.csv,2026-08-18 04:12:07
United Kingdom,GBR,Europe & Central Asia,High income,2013,2708118248325.0,64169623.0,80.5,6.52,6.8,100.0,wdi_extract_2024Q4.csv,2026-08-18 04:12:07
Japan,JPN,East Asia & Pacific,High income,2017,5218763564297.0,126878703.0,84.1,3.02,8.73,99.75,wdi_extract_2024Q4.csv,2026-08-18 04:12:07
Norway,NOR,Europe & Central Asia,High income,2007,352412461826.0,4769482.0,80.5,3.45,8.81,99.5,wdi_extract_2024Q4.csv,2026-08-18 04:12:07
Vietnam,VNM,East Asia & Pacific,Lower middle income,2014,216255697517.0,91486905.0,73.6,1.61,2.5,98.44,wdi_extract_2024Q4.csv,2026-08-18 04:12:07
"Korea, Rep.",KOR,East Asia & Pacific,High income,2017,1555732192724.0,51264930.0,82.7,3.87,12.0,100.0,wdi_extract_2024Q4.csv,2026-08-18 04:12:07
China,CHN,East Asia & Pacific,Upper middle income,2006,4173123338076.0,1308080579.0,73.6,4.0,4.62,99.54,wdi_extract_2024Q4.csv,2026-08-18 04:12:07
Australia,AUS,East Asia & Pacific,High income,2018,1388501247178.0,25029780.0,82.7,5.63,16.01,100.0,wdi_extract_2024Q4.csv,2026-08-18 04:12:07
Mexico,MEX,Latin America & Caribbean,Upper middle income,2010,1073820800672.0,114081336.0,75.9,6.03,3.69,99.08,wdi_extract_2024Q4.csv,2026-08-18 04:12:07
Thailand,THA,East Asia & Pacific,Upper middle income,2004,208564851058.0,64753030.0,72.1,1.9,3.5,88.82,wdi_extract_2024Q4.csv,2026-08-18 04:12:07
Vietnam,VNM,East Asia & Pacific,Lower middle income,2004,63485193474.0,82950659.0,72.5,1.74,1.07,90.72,wdi_extract_2024Q4.csv,2026-08-18 04:12:07
Turkiye,TUR,Europe & Central Asia,Upper middle income,2003,425284895430.0,65882829.0,72.7,8.13,3.67,99.67,wdi_extract_2024Q4.csv,2026-08-18 04:12:07
Italy,ITA,Europe & Central Asia,High income,2022,2235752990852.0,59034256.0,83.2,8.51,5.25,100.0,wdi_extract_2024Q4.csv,2026-08-18 04:12:07
Italy,ITA,Europe & Central Asia,High income,2017,2062008842870.0,59676669.0,82.9,9.67,5.8,99.7,wdi_extract_2024Q4.csv,2026-08-18 04:12:07
France,FRA,Europe & Central Asia,High income,2000,1362351459164.0,60895078.0,79.1,8.5,6.09,99.98,wdi_extract_2024Q4.csv,2026-08-18 04:12:07
Nigeria,NGA,Sub-Saharan Africa,Lower middle income,2000,68052662160.0,122830493.0,46.5,3.88,0.68,45.89,wdi_extract_2024Q4.csv,2026-08-18 04:12:07
Mexico,MEX,Latin America & Caribbean,Upper middle income,2020,1330604056296.0,125861508.0,70.9,4.41,3.29,100.0,wdi_extract_2024Q4.csv,2026-08-18 04:12:07
Ethiopia,ETH,Sub-Saharan Africa,Low income,2005,18894762613.0,76875607.0,56.4,2.59,0.06,18.26,wdi_extract_2024Q4.csv,2026-08-18 04:12:07
France,FRA,Europe & Central Asia,High income,2021,2738647292960.0,67828749.0,82.4,7.61,4.15,100.0,wdi_extract_2024Q4.csv,2026-08-18 04:12:07
Netherlands,NLD,Europe & Central Asia,High income,2014,863853932973.0,16905879.0,81.5,4.22,9.7,100.0,wdi_extract_2024Q4.csv,2026-08-18 04:12:07
Italy,ITA,Europe & Central Asia,High income,2002,1344106379654.0,57392266.0,80.3,9.59,8.1,99.95,wdi_extract_2024Q4.csv,2026-08-18 04:12:07
Italy,ITA,Europe & Central Asia,High income,2013,2150063524162.0,59416317.0,82.4,9.83,6.52,100.0,wdi_extract_2024Q4.csv,2026-08-18 04:12:07
Kenya,KEN,Sub-Saharan Africa,Lower middle income,2016,80176865552.0,46780448.0,64.4,5.44,0.38,52.55,wdi_extract_2024Q4.csv,2026-08-18 04:12:07
India,IND,South Asia,Lower middle income,2020,2849643867206.0,1393924197.0,69.6,7.6,1.76,97.46,wdi_extract_2024Q4.csv,2026-08-18 04:12:07
Indonesia,IDN,East Asia & Pacific,Upper middle income,2016,1005182044642.0,260972943.0,70.8,4.48,2.13,96.84,wdi_extract_2024Q4.csv,2026-08-18 04:12:07
Spain,ESP,Europe & Central Asia,High income,2002,768686261762.0,41781536.0,79.9,15.91,6.84,99.97,wdi_extract_2024Q4.csv,2026-08-18 04:12:07
United States,USA,North America,High income,2020,22449932875665.0,330190945.0,77.1,8.04,13.25,100.0,wdi_extract_2024Q4.csv,2026-08-18 04:12:07
Argentina,ARG,Latin America & Caribbean,Upper middle income,2010,423450686559.0,41203737.0,75.5,8.42,4.58,98.38,wdi_extract_2024Q4.csv,2026-08-18 04:12:07
Spain,ESP,Europe & Central Asia,High income,2004,943990576274.0,42986774.0,80.3,16.79,6.67,100.0,wdi_extract_2024Q4.csv,2026-08-18 04:12:07
France,FRA,Europe & Central Asia,High income,2019,2619768367369.0,67352747.0,82.6,8.23,4.62,99.84,wdi_extract_2024Q4.csv,2026-08-18 04:12:07
Canada,CAN,North America,High income,2021,2044688609179.0,38852952.0,81.2,7.8,14.16,100.0,wdi_extract_2024Q4.csv,2026-08-18 04:12:07
Brazil,BRA,Latin America & Caribbean,Upper middle income,2002,975362193305.0,179786076.0,70.8,9.39,1.95,95.81,wdi_extract_2024Q4.csv,2026-08-18 04:12:07
Mexico,MEX,Latin America & Caribbean,Upper middle income,2021,1568752853901.0,126783226.0,70.3,3.68,3.22,100.0,wdi_extract_2024Q4.csv,2026-08-18 04:12:07
United States,USA,North America,High income,2014,17871457164263.0,317426455.0,78.8,6.78,15.67,100.0,wdi_extract_2024Q4.csv,2026-08-18 04:12:07
Argentina,ARG,Latin America & Caribbean,Upper middle income,2002,310389094903.0,37946123.0,74.2,13.48,3.82,96.1,wdi_extract_2024Q4.csv,2026-08-18 04:12:07
Saudi Arabia,SAU,Middle East & North Africa,High income,2018,784760887779.0,33502057.0,76.4,6.15,17.71,99.34,wdi_extract_2024Q4.csv,2026-08-18 04:12:07
Japan,JPN,East Asia & Pacific,High income,2001,4970660780657.0,126920940.0,81.3,4.8,9.16,99.39,wdi_extract_2024Q4.csv,2026-08-18 04:12:07
Mexico,MEX,Latin America & Caribbean,Upper middle income,2000,706117692798.0,98877663.0,74.2,2.58,3.83,96.51,wdi_extract_2024Q4.csv,2026-08-18 04:12:07
"Korea, Rep.",KOR,East Asia & Pacific,High income,2023,1716712965003.0,51729923.0,83.5,2.67,12.02,100.0,wdi_extract_2024Q4.csv,2026-08-18 04:12:07
India,IND,South Asia,Lower middle income,2023,3579550287128.0,1429059882.0,71.7,4.3,2.04,100.0,wdi_extract_2024Q4.csv,2026-08-18 04:12:07
Spain,ESP,Europe & Central Asia,High income,2023,1662606765750.0,48361368.0,83.8,13.51,4.75,100.0,wdi_extract_2024Q4.csv,2026-08-18 04:12:07
Canada,CAN,North America,High income,2020,1729268903333.0,38233859.0,81.4,9.68,13.79,99.73,wdi_extract_2024Q4.csv,2026-08-18 04:12:07
South Africa,ZAF,Sub-Saharan Africa,Upper middle income,2017,391994317078.0,56518722.0,64.0,27.26,7.73,83.83,wdi_extract_2024Q4.csv,2026-08-18 04:12:07
Netherlands,NLD,Europe & Central Asia,High income,2000,414780479225.0,15904872.0,77.8,3.22,11.39,99.94,wdi_extract_2024Q4.csv,2026-08-18 04:12:07
Saudi Arabia,SAU,Middle East & North Africa,High income,2020,842635546290.0,34971832.0,76.2,6.98,16.14,99.55,wdi_extract_2024Q4.csv,2026-08-18 04:12:07
"Egypt, Arab Rep.",EGY,Middle East & North Africa,Lower middle income,2007,182390409316.0,78617797.0,70.0,9.41,2.33,99.08,wdi_extract_2024Q4.csv,2026-08-18 04:12:07
Germany,DEU,Europe & Central Asia,High income,2006,2847298745457.0,82011951.0,79.3,7.7,9.59,100.0,wdi_extract_2024Q4.csv,2026-08-18 04:12:07
Brazil,BRA,Latin America & Caribbean,Upper middle income,2022,2115219267899.0,215161379.0,7.5,9.23,2.31,100.0,wdi_extract_2024Q4.csv,2026-08-18 04:12:07
Saudi Arabia,SAU,Middle East & North Africa,High income,2003,291091591582.0,22687868.0,73.3,4.75,14.82,98.53,wdi_extract_2024Q4.csv,2026-08-18 04:12:07
Ethiopia,ETH,Sub-Saharan Africa,Low income,2006,21424260202.0,79102459.0,57.7,2.29,0.07,18.85,wdi_extract_2024Q4.csv,2026-08-18 04:12:07
Thailand,THA,East Asia & Pacific,Upper middle income,2023,522650142076.0,71776597.0,76.4,1.01,3.78,99.97,wdi_extract_2024Q4.csv,2026-08-18 04:12:07
Spain,ESP,Europe & Central Asia,High income,2021,1507694789635.0,47739568.0,82.6,15.19,4.73,99.9,wdi_extract_2024Q4.csv,2026-08-18 04:12:07
United States,USA,North America,High income,2022,25690035467815.0,333482355.0,78.3,4.4,13.42,100.0,wdi_extract_2024Q4.csv,2026-08-18 04:12:07
"Egypt, Arab Rep.",EGY,Middle East & North Africa,Lower middle income,2019,315543619793.0,100085922.0,70.6,8.39,2.37,100.0,wdi_extract_2024Q4.csv,2026-08-18 04:12:07
United States,USA,North America,High income,2019,21589699536742.0,327960599.0,78.9,3.55,14.62,99.87,wdi_extract_2024Q4.csv,2026-08-18 04:12:07
Germany,DEU,Europe & Central Asia,High income,2010,3456201923607.0,81798821.0,80.1,7.66,9.53,100.0,wdi_extract_2024Q4.csv,2026-08-18 04:12:07
"Egypt, Arab Rep.",EGY,Middle East & North Africa,Lower middle income,2021,380357810161.0,106395560.0,70.1,7.76,2.31,99.32,wdi_extract_2024Q4.csv,2026-08-18 04:12:07
Australia,AUS,East Asia & Pacific,High income,2000,420352286666.0,19209520.0,79.1,6.52,17.85,99.97,wdi_extract_2024Q4.csv,2026-08-18 04:12:07
"Egypt, Arab Rep.",EGY,Middle East & North Africa,Lower middle income,2012,237230902335.0,86530157.0,70.4,8.97,2.39,99.51,wdi_extract_2024Q4.csv,2026-08-18 04:12:07
Kenya,KEN,Sub-Saharan Africa,Lower middle income,2004,25847900714.0,35148806.0,55.4,5.1,0.3,17.18,wdi_extract_2024Q4.csv,2026-08-18 04:12:07
Netherlands,NLD,Europe & Central Asia,High income,2013,867138261064.0,16834124.0,81.3,4.41,10.08,99.74,wdi_extract_2024Q4.csv,2026-08-18 04:12:07
South Africa,ZAF,Sub-Saharan Africa,Upper middle income,2015,395494274743.0,55046381.0,62.4,26.26,"7,86",84.38,wdi_extract_2024Q4.csv,2026-08-18 04:12:07
Kenya,KEN,Sub-Saharan Africa,Lower middle income,2020,104190056063.0,50837452.0,65.0,5.78,0.4,71.06,wdi_extract_2024Q4.csv,2026-08-18 04:12:07
France,FRA,Europe & Central Asia,High income,2008,2362643343663.0,64075899.0,81.1,9.04,6.05,99.75,wdi_extract_2024Q4.csv,2026-08-18 04:12:07
Turkiye,TUR,Europe & Central Asia,Upper middle income,2001,319887332438.0,64111052.0,72.1,7.25,3.56,99.89,wdi_extract_2024Q4.csv,2026-08-18 04:12:07
United Kingdom,GBR,Europe & Central Asia,High income,2002,1808670520030.0,59726610.0,78.2,5.92,9.09,100.0,wdi_extract_2024Q4.csv,2026-08-18 04:12:07
United Kingdom,GBR,Europe & Central Asia,High income,2003,1886992400319.0,60046024.0,78.7,5.84,8.63,100.0,wdi_extract_2024Q4.csv,2026-08-18 04:12:07
Australia,AUS,East Asia & Pacific,High income,2022,1687209667418.0,26307236.0,83.3,4.43,14.71,99.84,wdi_extract_2024Q4.csv,2026-08-18 04:12:07
Nigeria,NGA,Sub-Saharan Africa,Lower middle income,2014,395706191540.0,178992231.0,51.9,4.49,0.71,53.14,wdi_extract_2024Q4.csv,2026-08-18 04:12:07
Italy,ITA,Europe & Central Asia,High income,2014,2125391859268.0,59449652.0,82.5,9.56,5.89,100.0,wdi_extract_2024Q4.csv,2026-08-18 04:12:07
Italy,ITA,Europe & Central Asia,High income,2001,1257195332119.0,57134721.0,80.1,10.27,8.3,100.0,wdi_extract_2024Q4.csv,2026-08-18 04:12:07
Australia,AUS,East Asia & Pacific,High income,2011,1188576017904.0,22396687.0,81.9,5.43,16.95,99.81,wdi_extract_2024Q4.csv,2026-08-18 04:12:07
Netherlands,NLD,Europe & Central Asia,High income,2005,633369471785.0,16245591.0,79.6,4.05,10.95,99.71,wdi_extract_2024Q4.csv,2026-08-18 04:12:07
Kenya,KEN,Sub-Saharan Africa,Lower middle income,2023,108641045773.0,55101144.0,63.6,5.78,0.42,75.74,wdi_extract_2024Q4.csv,2026-08-18 04:12:07
Netherlands,NLD,Europe & Central Asia,High income,2022,1078156017675.0,17742535.0,82.1,3.67,7.7,100.0,wdi_extract_2024Q4.csv,2026-08-18 04:12:07
United Kingdom,GBR,Europe & Central Asia,High income,2014,2724945415453.0,64616710.0,80.7,6.15,6.45,99.58,wdi_extract_2024Q4.csv,2026-08-18 04:12:07
Poland,POL,Europe & Central Asia,High income,2014,544635151620.0,37968844.0,77.3,7.27,8.45,100.0,wdi_extract_2024Q4.csv,2026-08-18 04:12:07
Mexico,MEX,Latin America & Caribbean,Upper middle income,2015,1209410423899.0,120049770.0,75.6,4.36,3.63,99.15,wdi_extract_2024Q4.csv,2026-08-18 04:12:07
Brazil,BRA,Latin America & Caribbean,Upper middle income,2003,1108894868844.0,182047966.0,70.9,8.91,2.0,95.48,wdi_extract_2024Q4.csv,2026-08-18 04:12:07
France,FRA,Europe & Central Asia,High income,2006,2082273551529.0,63249682.0,80.5,8.28,6.2,100.0,wdi_extract_2024Q4.csv,2026-08-18 04:12:07
Japan,JPN,East Asia & Pacific,High income,2007,5523053881570.0,127672942.0,82.2,4.94,9.78,99.89,wdi_extract_2024Q4.csv,2026-08-18 04:12:07
France,FRA,Europe & Central Asia,High income,2023,2956661710974.0,68228484.0,83.2,7.1,3.98,99.92,wdi_extract_2024Q4.csv,2026-08-18 04:12:07
"Korea, Rep.",KOR,East Asia & Pacific,High income,2018,1609167032111.0,51483.8,83.3,3.94,12.29,99.61,wdi_extract_2024Q4.csv,2026-08-18 04:12:07
Kenya,KEN,Sub-Saharan Africa,Lower middle income,2019,100410850654.0,49400425.0,66.1,4.86,0.39,69.87,wdi_extract_2024Q4.csv,2026-08-18 04:12:07
Italy,ITA,Europe & Central Asia,High income,2003,1422427822087.0,57653539.0,80.5,9.74,7.64,99.5,wdi_extract_2024Q4.csv,2026-08-18 04:12:07
Norway,NOR,Europe & Central Asia,High income,2009,344609509603.0,4846692.0,81.0,5.24,8.71,99.67,wdi_extract_2024Q4.csv,2026-08-18 04:12:07
Argentina,ARG,Latin America & Caribbean,Upper middle income,2012,424634094251.0,42003705.0,75.8,8.05,4.33,98.4,wdi_extract_2024Q4.csv,2026-08-18 04:12:07
Thailand,THA,East Asia & Pacific,Upper middle income,2012,384244373067.0,68140887.0,75.1,0.95,4.21,99.68,wdi_extract_2024Q4.csv,2026-08-18 04:12:07
Spain,ESP,Europe & Central Asia,High income,2010,1470681393995.0,46593220.0,82.1,21.58,5.85,99.32,wdi_extract_2024Q4.csv,2026-08-18 04:12:07
Canada,CAN,North America,High income,2005,1191628426385.0,32355525.0,80.1,7.42,16.63,100.0,wdi_extract_2024Q4.csv,2026-08-18 04:12:07
Indonesia,IDN,East Asia & Pacific,Upper middle income,2005,451999466892.0,228780790.0,67.2,5.98,1.51,89.69,wdi_extract_2024Q4.csv,2026-08-18 04:12:07
Indonesia,IDN,East Asia & Pacific,Upper middle income,2020,1150484705072.0,271634676.0,70.6,4.21,2.11,99.19,wdi_extract_2024Q4.csv,2026-08-18 04:12:07
China,CHN,East Asia & Pacific,Upper middle income,2023,17644693423757.0,1409480661.0,78.4,4.66,8.33,99.87,wdi_extract_2024Q4.csv,2026-08-18 04:12:07
France,FRA,Europe & Central Asia,High income,2009,2302924290235.0,64491478.0,81.4,10.72,5.84,99.87,wdi_extract_2024Q4.csv,2026-08-18 04:12:07
European Union,EUU,Aggregates,Aggregates,2021,22863797416570.0,1436704597.0,70.2,7.51,6.88,85.53,wdi_extract_2024Q4.csv,2026-08-18 04:12:07
France,FRA,Europe & Central Asia,High income,2011,2646412320691.0,65165199.0,81.8,8.7,5.58,99.99,wdi_extract_2024Q4.csv,2026-08-18 04:12:07
United States,USA,North America,High income,2002,11189601187085.0,287568360.0,77.2,5.01,19.36,100.0,wdi_extract_2024Q4.csv,2026-08-18 04:12:07
Russian Federation,RUS,Europe & Central Asia,Upper middle income,2013,1592785270631.0,143601394.0,70.4,6.73,11.16,99.74,wdi_extract_2024Q4.csv,2026-08-18 04:12:07
China,CHN,East Asia & Pacific,Upper middle income,2016,11545887105520.0,1384557223.0,76.8,4.61,7.33,100.0,wdi_extract_2024Q4.csv,2026-08-18 04:12:07
Spain,ESP,Europe & Central Asia,High income,2011,1452582672756.0,46658801.0,82.4,20.63,5.81,100.0,wdi_extract_2024Q4.csv,2026-08-18 04:12:07
India,IND,South Asia,Lower middle income,2013,1980342128310.0,1284446143.0,68.1,7.48,1.52,83.1,wdi_extract_2024Q4.csv,2026-08-18 04:12:07
Turkiye,TUR,Europe & Central Asia,Upper middle income,2007,631564370276.0,69575697.0,74.1,9.39,3.92,99.91,wdi_extract_2024Q4.csv,2026-08-18 04:12:07
"Egypt, Arab Rep.",EGY,Middle East & North Africa,Lower middle income,2001,111776179149.0,70129516.0,68.7,8.34,1.91,98.14,wdi_extract_2024Q4.csv,2026-08-18 04:12:07
Argentina,ARG,Latin America & Caribbean,Upper middle income,2004,334011050715.0,38729636.0,74.5,12.19,3.97,96.24,wdi_extract_2024Q4.csv,2026-08-18 04:12:07
Vietnam,VNM,East Asia & Pacific,Lower middle income,2021,409563657593.0,98413295.0,73.5,2.01,3.41,100.0,wdi_extract_2024Q4.csv,2026-08-18 04:12:07
Japan,JPN,East Asia & Pacific,High income,2015,5456766269236.0,127216534.0,83.8,3.6,8.53,100.0,wdi_extract_2024Q4.csv,2026-08-18 04:12:07
"Korea, Rep.",KOR,East Asia & Pacific,High income,2015,1451373939334.0,50696174.0,81.8,3.98,11.93,99.86,wdi_extract_2024Q4.csv,2026-08-18 04:12:07
Norway,NOR,Europe & Central Asia,High income,2004,279010007019.0,4653139.0,79.8,3.45,8.76,100.0,wdi_extract_2024Q4.csv,2026-08-18 04:12:07
Germany,DEU,Europe & Central Asia,High income,2002,2206899157572.0,82103895.0,78.6,7.58,10.25,100.0,wdi_extract_2024Q4.csv,2026-08-18 04:12:07
Mexico,MEX,Latin America & Caribbean,Upper middle income,2022,1682013517415.0,127614200.0,73.5,3.23,3.23,100.0,wdi_extract_2024Q4.csv,2026-08-18 04:12:07
Mexico,MEX,Latin America & Caribbean,Upper middle income,2019,1310720292589.0,125060633.0,75.2,3.57,3.56,100.0,wdi_extract_2024Q4.csv,2026-08-18 04:12:07
Saudi Arabia,SAU,Middle East & North Africa,High income,2014,652178208637.0,30471624.0,75.6,5.95,16.64,100.0,wdi_extract_2024Q4.csv,2026-08-18 04:12:07
France,FRA,Europe & Central Asia,High income,2010,2617245068631.0,64879053.0,81.7,9.39,5.71,100.0,wdi_extract_2024Q4.csv,2026-08-18 04:12:07
"Korea, Rep.",KOR,East Asia & Pacific,High income,2021,1713972426287.0,51689305.0,83.6,3.46,11.62,100.0,wdi_extract_2024Q4.csv,2026-08-18 04:12:07
Norway,NOR,Europe & Central Asia,High income,2018,419205305331.0,5298326.0,83.0,3.87,7.16,99.56,wdi_extract_2024Q4.csv,2026-08-18 04:12:07
Russian Federation,RUS,Europe & Central Asia,Upper middle income,2019,1672067290747.0,144415177.0,73.3,4.52,10.7,100.0,wdi_extract_2024Q4.csv,2026-08-18 04:12:07
South Africa,ZAF,Sub-Saharan Africa,Upper middle income,2019,384522452946.0,58091178.0,65.5,28.49,7.51,84.37,wdi_extract_2024Q4.csv,2026-08-18 04:12:07
France,FRA,Europe & Central Asia,High income,2001,1483394531738.0,61287676.0,79.3,8.57,6.2,99.6,wdi_extract_2024Q4.csv,2026-08-18 04:12:07
Ethiopia,ETH,Sub-Saharan Africa,Low income,2012,44120819471.0,93474262.0,63.1,2.29,0.09,28.58,wdi_extract_2024Q4.csv,2026-08-18 04:12:07
"Korea, Rep.",KOR,East Asia & Pacific,High income,2009,955238721971.0,49290336.0,79.8,5.54,11.27,99.65,wdi_extract_2024Q4.csv,2026-08-18 04:12:07
Kenya,KEN,Sub-Saharan Africa,Lower middle income,2006,31900366720.0,37277351.0,57.6,5.14,0.32,17.36,wdi_extract_2024Q4.csv,2026-08-18 04:12:07
Ethiopia,ETH,Sub-Saharan Africa,Low income,2002,12294829308.0,70568810.0,53.5,2.8,0.06,14.42,wdi_extract_2024Q4.csv,2026-08-18 04:12:07
Italy,ITA,Europe & Central Asia,High income,2016,2125446457654.0,59504157.0,82.7,9.62,5.91,99.92,wdi_extract_2024Q4.csv,2026-08-18 04:12:07
South Africa,ZAF,Sub-Saharan Africa,Upper middle income,2018,391538437587.0,57296881.0,64.6,27.83,7.37,83.95,wdi_extract_2024Q4.csv,2026-08-18 04:12:07
Poland,POL,Europe & Central Asia,High income,2011,504183345599.0,37986141.0,76.6,9.39,8.32,99.96,wdi_extract_2024Q4.csv,2026-08-18 04:12:07
Turkiye,TUR,Europe & Central Asia,Upper middle income,2013,780896164233.0,76029886.0,76.0,12.05,4.49,100.0,wdi_extract_2024Q4.csv,2026-08-18 04:12:07
"Egypt, Arab Rep.",EGY,Middle East & North Africa,Lower middle income,2022,387992399866.0,109506317.0,70.4,7.72,2.49,99.79,wdi_extract_2024Q4.csv,2026-08-18 04:12:07
Vietnam,VNM,East Asia & Pacific,Lower middle income,2022,412086608568.0,99399232.0,74.0,1.76,3.29,99.75,wdi_extract_2024Q4.csv,2026-08-18 04:12:07
"Korea, Rep.",KOR,East Asia & Pacific,High income,2010,1155547274113.0,49563135.0,80.3,4.39,11.24,100.0,wdi_extract_2024Q4.csv,2026-08-18 04:12:07
Russian Federation,RUS,Europe & Central Asia,Upper middle income,2011,1553561268590.0,143220235.0,69.4,6.83,11.45,100.0,wdi_extract_2024Q4.csv,2026-08-18 04:12:07
Japan,JPN,East Asia & Pacific,High income,2005,5470996236096.0,127523566.0,81.8,5.03,9.45,100.0,wdi_extract_2024Q4.csv,2026-08-18 04:12:07
Brazil,BRA,Latin America & Caribbean,Upper middle income,2014,2059866790734.0,203021103.0,74.4,10.12,2.14,99.26,wdi_extract_2024Q4.csv,2026-08-18 04:12:07
Russian Federation,RUS,Europe & Central Asia,Upper middle income,2006,1034870507482.0,144649311.0,67.7,9.2,10.97,99.83,wdi_extract_2024Q4.csv,2026-08-18 04:12:07
Turkiye,TUR,Europe & Central Asia,Upper middle income,2009,638361128967.0,71336913.0,74.7,12.28,4.08,99.38,wdi_extract_2024Q4.csv,2026-08-18 04:12:07
"Korea, Rep.",KOR,East Asia & Pacific,High income,2011,1193640054118.0,49871637.0,80.6,3.66,11.72,99.76,wdi_extract_2024Q4.csv,2026-08-18 04:12:07
Japan,JPN,East Asia & Pacific,High income,2012,5573590076365.0,127735942.0,83.2,4.19,8.77,99.94,wdi_extract_2024Q4.csv,2026-08-18 04:12:07
United States,USA,North America,High income,2018,20539810132033.0,325928857.0,78.8,4.3,15.21,100.0,wdi_extract_2024Q4.csv,2026-08-18 04:12:07
Indonesia,IDN,East Asia & Pacific,Upper middle income,2017,1050462331736.0,263993547.0,70.8,4.03,2.08,97.32,wdi_extract_2024Q4.csv,2026-08-18 04:12:07
Spain,ESP,Europe & Central Asia,High income,2022,1652163348457.0,48132197.0,83.5,13.86,4.84,99.54,wdi_extract_2024Q4.csv,2026-08-18 04:12:07
Mexico,MEX,Latin America & Caribbean,Upper middle income,2002,787328326047.0,101881737.0,74.6,3.3,3.91,97.02,wdi_extract_2024Q4.csv,2026-08-18 04:12:07
Saudi Arabia,SAU,Middle East & North Africa,High income,2022,1018916536412.0,36270354.0,77.6,5.31,17.03,99.47,wdi_extract_2024Q4.csv,2026-08-18 04:12:07
Brazil,BRA,Latin America & Caribbean,Upper middle income,2004,1277417158821.0,183913394.0,71.3,9.44,2.01,96.11,wdi_extract_2024Q4.csv,2026-08-18 04:12:07
Saudi Arabia,SAU,Middle East & North Africa,High income,2021,980433152971.0,35592560.0,76.0,5.98,17.35,100.0,wdi_extract_2024Q4.csv,2026-08-18 04:12:07
Netherlands,NLD,Europe & Central Asia,High income,2012,849133206365.0,16745438.0,81.2,4.35,10.02,100.0,wdi_extract_2024Q4.csv,2026-08-18 04:12:07
Vietnam,VNM,East Asia & Pacific,Lower middle income,2009,106651739422.0,86631766.0,73.5,1.63,1.48,96.85,wdi_extract_2024Q4.csv,2026-08-18 04:12:07
Turkiye,TUR,Europe & Central Asia,Upper middle income,2016,762604159775.0,79597600.0,76.8,13.09,4.67,100.0,wdi_extract_2024Q4.csv,2026-08-18 04:12:07
Australia,AUS,East Asia & Pacific,High income,2012,1210042489124.0,22748434.0,81.9,5.19,16.59,100.0,wdi_extract_2024Q4.csv,2026-08-18 04:12:07
India,IND,South Asia,Lower middle income,2007,1303417807389.0,1182311234.0,65.7,7.76,1.26,71.03,wdi_extract_2024Q4.csv,2026-08-18 04:12:07
Canada,CAN,North America,High income,2001,834702632933.0,30999624.0,79.4,7.2,17.98,99.5,wdi_extract_2024Q4.csv,2026-08-18 04:12:07
Russian Federation,RUS,Europe & Central Asia,Upper middle income,2023,1976916340781.0,143674488.0,73.5,3.03,11.68,99.74,wdi_extract_2024Q4.csv,2026-08-18 04:12:07
South Africa,ZAF,Sub-Saharan Africa,Upper middle income,2005,273582748473.0,48062064.0,57.5,24.77,8.6,76.66,wdi_extract_2024Q4.csv,2026-08-18 04:12:07
"Egypt, Arab Rep.",EGY,Middle East & North Africa,Lower middle income,2023,403699210727.0,112789600.0,70.8,7.28,2.47,100.0,wdi_extract_2024Q4.csv,2026-08-18 04:12:07
India,IND,South Asia,Lower middle income,2014,2152183947488.0,1299190878.0,68.5,7.15,1.59,85.12,wdi_extract_2024Q4.csv,2026-08-18 04:12:07
Netherlands,NLD,Europe & Central Asia,High income,2021,1054074072950.0,17586000.0,81.7,3.84,7.73,100.0,wdi_extract_2024Q4.csv,2026-08-18 04:12:07
Ethiopia,ETH,Sub-Saharan Africa,Low income,2021,141828458356.0,120274339.0,66.4,3.25,0.14,51.74,wdi_extract_2024Q4.csv,2026-08-18 04:12:07
China,CHN,East Asia & Pacific,Upper middle income,2007,4597604659260.0,1314466371.0,73.9,4.2,5.06,98.77,wdi_extract_2024Q4.csv,2026-08-18 04:12:07
South Africa,ZAF,Sub-Saharan Africa,Upper middle income,2011,409822654262.0,51906851.0,59.6,25.08,8.53,82.75,wdi_extract_2024Q4.csv,2026-08-18 04:12:07
Norway,NOR,Europe & Central Asia,High income,2015,424387985298.0,5148492.0,82.4,3.57,7.63,100.0,wdi_extract_2024Q4.csv,2026-08-18 04:12:07
Turkiye,TUR,Europe & Central Asia,Upper middle income,2019,749632591315.0,83416636.0,77.7,14.25,4.89,100.0,wdi_extract_2024Q4.csv,2026-08-18 04:12:07
"Korea, Rep.",KOR,East Asia & Pacific,High income,2012,1245792107226.0,50080387.0,80.8,3.7,12.05,99.99,wdi_extract_2024Q4.csv,2026-08-18 04:12:07
Germany,DEU,Europe & Central Asia,High income,2013,3626220338747.0,82198324.0,80.5,5.69,9.08,99.77,wdi_extract_2024Q4.csv,2026-08-18 04:12:07
China,CHN,East Asia & Pacific,Upper middle income,2009,5422082705702.0,1330234916.0,74.6,4.6,5.8,99.84,wdi_extract_2024Q4.csv,2026-08-18 04:12:07
Netherlands,NLD,Europe & Central Asia,High income,2001,466660270946.0,15988951.0,78.2,3.44,10.65,99.55,wdi_extract_2024Q4.csv,2026-08-18 04:12:07
France,FRA,Europe & Central Asia,High income,2003,1762953552200.0,62069396.0,79.8,8.48,6.2,100.0,wdi_extract_2024Q4.csv,2026-08-18 04:12:07
Kenya,KEN,Sub-Saharan Africa,Lower middle income,2001,15851161313.0,31966269.0,52.7,4.54,0.31,15.69,wdi_extract_2024Q4.csv,2026-08-18 04:12:07
Argentina,ARG,Latin America & Caribbean,Upper middle income,2021,551561296327.0,45579639.0,74.3,8.6,3.94,100.0,wdi_extract_2024Q4.csv,2026-08-18 04:12:07
Nigeria,NGA,Sub-Saharan Africa,Lower middle income,2008,298522771443.0,152168205.0,50.1,3.76,0.77,49.26,wdi_extract_2024Q4.csv,2026-08-18 04:12:07
Vietnam,VNM,East Asia & Pacific,Lower middle income,2019,341025686464.0,96625268.0,73.5,1.98,3.3,99.1,wdi_extract_2024Q4.csv,2026-08-18 04:12:07
France,FRA,Europe & Central Asia,High income,2018,2615895110283.0,67068189.0,82.7,7.56,4.67,100.0,wdi_extract_2024Q4.csv,2026-08-18 04:12:07
Vietnam,VNM,East Asia & Pacific,Lower middle income,2008,100183219561.0,85916655.0,73.4,1.37,1.39,95.08,wdi_extract_2024Q4.csv,2026-08-18 04:12:07
South Africa,ZAF,Sub-Saharan Africa,Upper middle income,2016,401582084096.0,55810803.0,63.2,27.56,7.75,84.0,wdi_extract_2024Q4.csv,2026-08-18 04:12:07
Turkiye,TUR,Europe & Central Asia,Upper middle income,2018,766079019271.0,82165726.0,77.4,13.29,4.7,99.94,wdi_extract_2024Q4.csv,2026-08-18 04:12:07
United States,USA,North America,High income,2005,12646019898796.0,295385341.0,77.6,6.73,20.13,99.86,wdi_extract_2024Q4.csv,2026-08-18 04:12:07
Saudi Arabia,SAU,Middle East & North Africa,High income,2004,325827131388.0,23396293.0,73.4,5.33,14.81,98.49,wdi_extract_2024Q4.csv,2026-08-18 04:12:07
Argentina,ARG,Latin America & Caribbean,Upper middle income,2009,378227514964.0,40822311.0,75.5,10.6,4.31,98.69,wdi_extract_2024Q4.csv,2026-08-18 04:12:07
"Korea, Rep.",KOR,East Asia & Pacific,High income,2013,1295602748126.0,50353815.0,81.2,3.6,12.05,99.66,wdi_extract_2024Q4.csv,2026-08-18 04:12:07
Brazil,BRA,Latin America & Caribbean,Upper middle income,2016,1995586748458.0,205847148.0,75.1,11.0,2.2,99.47,wdi_extract_2024Q4.csv,2026-08-18 04:12:07
"Egypt, Arab Rep.",EGY,Middle East & North Africa,Lower middle income,2020,354954604840.0,103274436.0,70.1,8.75,2.21,100.0,wdi_extract_2024Q4.csv,2026-08-18 04:12:07
Spain,ESP,Europe & Central Asia,High income,2019,1471792857627.0,47128039.0,83.5,15.85,5.3,100.0,wdi_extract_2024Q4.csv,2026-08-18 04:12:07
Saudi Arabia,SAU,Middle East & North Africa,High income,2010,531467579659.0,27413654.0,74.5,5.68,15.91,99.28,wdi_extract_2024Q4.csv,2026-08-18 04:12:07
Thailand,THA,East Asia & Pacific,Upper middle income,2018,524627445470.0,70846438.0,78.6,0.71,4.01,99.49,wdi_extract_2024Q4.csv,2026-08-18 04:12:07
Turkiye,TUR,Europe & Central Asia,Upper middle income,2021,1066114185767.0,84310819.0,76.2,11.81,5.04,99.93,wdi_extract_2024Q4.csv,2026-08-18 04:12:07
United Kingdom,GBR,Europe & Central Asia,High income,2017,2861168199332.0,65880128.0,81.2,4.8,5.49,100.0,wdi_extract_2024Q4.csv,2026-08-18 04:12:07
Russian Federation,RUS,Europe & Central Asia,Upper middle income,2012,1561121305303.0,143388829.0,70.0,6.59,11.51,100.0,wdi_extract_2024Q4.csv,2026-08-18 04:12:07
Kenya,KEN,Sub-Saharan Africa,Lower middle income,2005,28379380426.0,36209874.0,56.6,5.36,0.31,16.85,wdi_extract_2024Q4.csv,2026-08-18 04:12:07
Canada,CAN,North America,High income,2016,1693887311212.0,36394270.0,81.9,6.58,15.83,99.97,wdi_extract_2024Q4.csv,2026-08-18 04:12:07
Kenya,KEN,Sub-Saharan Africa,Lower middle income,2007,35338490201.0,38281598.0,58.4,5.38,0.3,17.89,wdi_extract_2024Q4.csv,2026-08-18 04:12:07
Poland,POL,Europe & Central Asia,High income,2022,799280257674.0,36917380.0,77.9,3.1,7.58,99.55,wdi_extract_2024Q4.csv,2026-08-18 04:12:07
Ethiopia,ETH,Sub-Saharan Africa,Low income,2019,94006413605.0,114101001.0,66.5,3.48,0.14,48.63,wdi_extract_2024Q4.csv,2026-08-18 04:12:07
"Egypt, Arab Rep.",EGY,Middle East & North Africa,Lower middle income,2009,198291673878.0,81411848.0,70.2,9.07,2.26,99.02,wdi_extract_2024Q4.csv,2026-08-18 04:12:07
Nigeria,NGA,Sub-Saharan Africa,Lower middle income,2004,184671182243.0,137509648.0,48.2,3.56,0.71,47.47,wdi_extract_2024Q4.csv,2026-08-18 04:12:07
Saudi Arabia,SAU,Middle East & North Africa,High income,2015,692271271208.0,31226218.0,75.7,5.54,16.46,99.75,wdi_extract_2024Q4.csv,2026-08-18 04:12:07
Sweden,SWE,Europe & Central Asia,High income,2011,496237009121.0,9482129.0,81.9,8.13,4.81,100.0,wdi_extract_2024Q4.csv,2026-08-18 04:12:07
"Egypt, Arab Rep.",EGY,Middle East & North Africa,Lower middle income,2003,132995157515.0,73018897.0,69.1,8.54,2.11,98.46,wdi_extract_2024Q4.csv,2026-08-18 04:12:07
Argentina,ARG,Latin America & Caribbean,Upper middle income,2017,439967789187.0,44104353.0,76.4,9.19,4.17,99.59,wdi_extract_2024Q4.csv,2026-08-18 04:12:07
Indonesia,IDN,East Asia & Pacific,Upper middle income,2011,796163540804.0,246987840.0,69.0,5.54,1.85,94.04,wdi_extract_2024Q4.csv,2026-08-18 04:12:07
Australia,AUS,East Asia & Pacific,High income,2005,784167631338.0,20615140.0,80.4,5.48,16.73,100.0,wdi_extract_2024Q4.csv,2026-08-18 04:12:07
"Korea, Rep.",KOR,East Asia & Pacific,High income,2000,612728334274.0,47008660.0,74.8,4.4,8.76,99.92,wdi_extract_2025Q1.csv,2026-08-19 09:47:55
Japan,JPN,East Asia & Pacific,High income,2011,5582677742593.0,127859903.0,83.0,4.73,9.28,100.0,wdi_extract_2024Q4.csv,2026-08-18 04:12:07
Netherlands,NLD,Europe & Central Asia,High income,2007,723832934886.0,16381531.0,80.0,4.72,10.74,99.88,wdi_extract_2024Q4.csv,2026-08-18 04:12:07
Indonesia,IDN,East Asia & Pacific,Upper middle income,2003,337003055996.0,223137626.0,66.9,5.55,1.42,88.46,wdi_extract_2024Q4.csv,2026-08-18 04:12:07
South Africa,ZAF,Sub-Saharan Africa,Upper middle income,2012,417182317540.0,52746841.0,60.1,24.99,8.51,83.22,wdi_extract_2024Q4.csv,2026-08-18 04:12:07
Japan,JPN,East Asia & Pacific,High income,2019,5065410602593.0,126579292.0,84.2,2.3,8.71,100.0,wdi_extract_2024Q4.csv,2026-08-18 04:12:07
Nigeria,NGA,Sub-Saharan Africa,Lower middle income,2013,388438152954.0,174071440.0,51.6,4.16,0.74,52.86,wdi_extract_2024Q4.csv,2026-08-18 04:12:07
South Africa,ZAF,Sub-Saharan Africa,Upper middle income,2008,359141860484.0,49908240.0,58.3,24.06,8.49,80.92,wdi_extract_2024Q4.csv,2026-08-18 04:12:07
Thailand,THA,East Asia & Pacific,Upper middle income,2019,546822966081.0,71310258.0,79.3,0.73,3.94,100.0,wdi_extract_2024Q4.csv,2026-08-18 04:12:07
Sweden,SWE,Europe & Central Asia,High income,2008,439644426251.0,9275436.0,81.2,7.91,5.05,100.0,wdi_extract_2024Q4.csv,2026-08-18 04:12:07
Brazil,BRA,Latin America & Caribbean,Upper middle income,2018,1919405249637.0,209334047.0,75.6,11.94,2.19,99.78,wdi_extract_2024Q4.csv,2026-08-18 04:12:07
Saudi Arabia,SAU,Middle East & North Africa,High income,2023,1080450550059.0,36916914.0,78.8,4.73,17.47,100.0,wdi_extract_2024Q4.csv,2026-08-18 04:12:07
United Kingdom,GBR,Europe & Central Asia,High income,2012,2632288668662.0,63699367.0,80.5,6.95,7.12,100.0,wdi_extract_2024Q4.csv,2026-08-18 04:12:07
Ethiopia,ETH,Sub-Saharan Africa,Low income,2013,51369771291.0,96450874.0,63.4,2.56,0.1,31.31,wdi_extract_2024Q4.csv,2026-08-18 04:12:07
Argentina,ARG,Latin America & Caribbean,Upper middle income,2014,421335359489.0,42833020.0,76.2,8.29,4.3,98.9,wdi_extract_2024Q4.csv,2026-08-18 04:12:07
Argentina,ARG,Latin America & Caribbean,Upper middle income,2023,654371060399.0,46204456.0,77.8,6.53,3.74,100.0,wdi_extract_2024Q4.csv,2026-08-18 04:12:07
United Kingdom,GBR,Europe & Central Asia,High income,2015,2791217734974.0,65021853.0,80.9,5.88,6.42,99.79,wdi_extract_2024Q4.csv,2026-08-18 04:12:07
Netherlands,NLD,Europe & Central Asia,High income,2004,596928668397.0,16188919.0,79.4,3.95,10.41,99.9,wdi_extract_2024Q4.csv,2026-08-18 04:12:07
Spain,ESP,Europe & Central Asia,High income,2018,1477021789007.0,47015314.0,83.6,16.02,5.41,100.0,wdi_extract_2024Q4.csv,2026-08-18 04:12:07
Brazil,BRA,Latin America & Caribbean,Upper middle income,1899,1942851910247.0,207694241.0,75.2,11.15,2.1,99.59,wdi_extract_2024Q4.csv,2026-08-18 04:12:07
Saudi Arabia,SAU,Middle East & North Africa,High income,2006,398629795789.0,24710017.0,73.6,5.21,15.8,98.99,wdi_extract_2024Q4.csv,2026-08-18 04:12:07
India,IND,South Asia,Lower middle income,2010,1643643976614.0,1232920360.0,66.9,7.6,1.43,76.03,wdi_extract_2024Q4.csv,2026-08-18 04:12:07
Russian Federation,RUS,Europe & Central Asia,Upper middle income,2002,517508214680.0,145706428.0,66.2,9.9,10.67,100.0,wdi_extract_2024Q4.csv,2026-08-18 04:12:07
Brazil,BRA,Latin America & Caribbean,Upper middle income,2009,1992915490420.0,194209121.0,73.1,9.69,2.23,98.9,wdi_extract_2024Q4.csv,2026-08-18 04:12:07
Brazil,BRA,Latin America & Caribbean,Upper middle income,2010,2204979344170.0,196490668.0,73.2,9.86,2.21,99.02,wdi_extract_2024Q4.csv,2026-08-18 04:12:07
Saudi Arabia,SAU,Middle East & North Africa,High income,2001,222510797184.0,21387485.0,72.7,4.61,14.24,98.17,wdi_extract_2024Q4.csv,2026-08-18 04:12:07
Argentina,ARG,Latin America & Caribbean,Upper middle income,2016,436136277594.0,43680291.0,76.2,9.05,4.04,99.84,wdi_extract_2024Q4.csv,2026-08-18 04:12:07
Spain,ESP,Europe & Central Asia,High income,2006,1118890969752.0,44227517.0,80.9,18.39,6.36,99.91,wdi_extract_2024Q4.csv,2026-08-18 04:12:07
Thailand,THA,East Asia & Pacific,Upper middle income,2003,187662905793.0,64334046.0,71.7,1.86,3.26,86.62,wdi_extract_2024Q4.csv,2026-08-18 04:12:07
India,IND,South Asia,Lower middle income,2019,2861609602052.0,1381799618.0,70.4,5.26,1.77,96.81,wdi_extract_2024Q4.csv,2026-08-18 04:12:07
"Egypt, Arab Rep.",EGY,Middle East & North Africa,Lower middle income,2011,223791406276.0,84763764.0,70.6,8.8,2.44,101.02,wdi_extract_2024Q4.csv,2026-08-18 04:12:07
Netherlands,NLD,Europe & Central Asia,High income,2015,875924916683.0,16985703.0,81.6,3.83,9.59,99.17,wdi_extract_2024Q4.csv,2026-08-18 04:12:07
Mexico,MEX,Latin America & Caribbean,Upper middle income,2004,866351487303.0,105011180.0,74.7,3.7,3.85,97.43,wdi_extract_2024Q4.csv,2026-08-18 04:12:07
South Africa,ZAF,Sub-Saharan Africa,Upper middle income,2006,305868586953.0,48691843.0,57.8,23.82,8.29,78.1,wdi_extract_2024Q4.csv,2026-08-18 04:12:07
Argentina,ARG,Latin America & Caribbean,Upper middle income,2013,422877605252.0,42368545.0,75.9,8.63,4.26,98.84,wdi_extract_2024Q4.csv,2026-08-18 04:12:07
Turkiye,TUR,Europe & Central Asia,Upper middle income,2010,785825850018.0,72298240.0,75.0,11.31,4.28,99.33,wdi_extract_2024Q4.csv,2026-08-18 04:12:07
India,IND,South Asia,Lower middle income,2015,2271077840967.0,1316658626.0,68.9,6.17,1.63,87.75,wdi_extract_2024Q4.csv,2026-08-18 04:12:07
Nigeria,NGA,Sub-Saharan Africa,Lower middle income,2007,271675799917.0,148399131.0,49.8,3.83,0.77,48.72,wdi_extract_2024Q4.csv,2026-08-18 04:12:07
Germany,DEU,Europe & Central Asia,High income,2018,3882476147534.0,82982075.0,81.1,3.61,8.29,100.0,wdi_extract_2024Q4.csv,2026-08-18 04:12:07
Australia,AUT,East Asia & Pacific,High income,2010,1148566646839.0,22003798.0,81.7,5.78,17.21,99.8,wdi_extract_2024Q4.csv,2026-08-18 04:12:07
"Korea, Rep.",KOR,East Asia & Pacific,High income,2014,1409441822004.0,50569088.0,81.7,3.75,11.62,99.46,wdi_extract_2024Q4.csv,2026-08-18 04:12:07
India,IND,South Asia,Lower middle income,2012,1892011238100.0,1268049071.0,67.7,7.49,1.5,80.87,wdi_extract_2024Q4.csv,2026-08-18 04:12:07
Ethiopia,ETH,Sub-Saharan Africa,Low income,2017,81336779868.0,108234477.0,65.4,3.23,0.12,43.17,wdi_extract_2024Q4.csv,2026-08-18 04:12:07
Japan,JPN,East Asia & Pacific,High income,2000,5042794118333.0,126689356.0,81.1,5.0,9.55,99.63,wdi_extract_2024Q4.csv,2026-08-18 04:12:07
China,CHN,East Asia & Pacific,Upper middle income,2012,7960219092822.0,1354286754.0,75.4,4.52,6.66,99.44,wdi_extract_2024Q4.csv,2026-08-18 04:12:07
Russian Federation,RUS,Europe & Central Asia,Upper middle income,2014,1624259429977.0,143866296.0,70.7,6.34,11.75,99.77,wdi_extract_2024Q4.csv,2026-08-18 04:12:07
France,FRA,Europe & Central Asia,High income,2013,2630346033427.0,65716166.0,81.9,8.12,NaN,100.0,wdi_extract_2024Q4.csv,2026-08-18 04:12:07
Brazil,BRA,Latin America & Caribbean,Upper middle income,2012,2114974209986.0,199747498.0,73.8,8.96,2.13,99.45,wdi_extract_2024Q4.csv,2026-08-18 04:12:07
Japan,JPN,East Asia & Pacific,High income,2013,5545334590848.0,127616539.0,83.3,4.08,9.18,99.7,wdi_extract_2024Q4.csv,2026-08-18 04:12:07
Sweden,SWE,Europe & Central Asia,High income,2023,578067722713.0,10552012.0,83.3,7.51,3.08,100.0,wdi_extract_2024Q4.csv,2026-08-18 04:12:07
Norway,NOR,Europe & Central Asia,High income,2022,478832148804.0,5472601.0,83.3,4.03,6.52,99.85,wdi_extract_2024Q4.csv,2026-08-18 04:12:07
Thailand,THA,East Asia & Pacific,Upper middle income,2006,255620001004.0,65546137.0,72.6,1.5,3.67,92.85,wdi_extract_2024Q4.csv,2026-08-18 04:12:07
South Korea,KOR,East Asia & Pacific,High income,2003,758649228807.0,47761367.0,77.3,4.37,10.49,100.0,wdi_extract_2024Q4.csv,2026-08-18 04:12:07
Brazil,BRA,Latin America & Caribbean,Upper middle income,2020,1888913735614.0,212363310.0,74.3,13.31,2.08,99.87,wdi_extract_2024Q4.csv,2026-08-18 04:12:07
Japan,JPN,East Asia & Pacific,High income,2008,5549580482696.0,127869379.0,82.6,5.1,9.17,100.0,wdi_extract_2024Q4.csv,2026-08-18 04:12:07
United Kingdom,GBR,Europe & Central Asia,High income,2007,2228519626159.0,61590282.0,79.6,6.8,8.26,99.82,wdi_extract_2024Q4.csv,2026-08-18 04:12:07
Thailand,THA,East Asia & Pacific,Upper middle income,2002,167142993140.0,63983094.0,71.5,1.99,3.23,85.37,wdi_extract_2024Q4.csv,2026-08-18 04:12:07
China,CHN,East Asia & Pacific,Upper middle income,2018,13329893943935.0,1400396441.0,77.3,4.48,7.5,99.73,wdi_extract_2024Q4.csv,2026-08-18 04:12:07
Germany,DEU,Europe & Central Asia,High income,2004,2543236486870.0,82046883.0,79.0,7.34,9.66,99.97,wdi_extract_2024Q4.csv,2026-08-18 04:12:07
Germany,DEU,Europe & Central Asia,High income,2003,2362238768719.0,82086816.0,78.6,7.8,9.84,100.0,wdi_extract_2024Q4.csv,2026-08-18 04:12:07
Ethiopia,ETH,Sub-Saharan Africa,Low income,2009,26619959077.0,85424394.0,61.0,2.46,0.07,21.98,wdi_extract_2024Q4.csv,2026-08-18 04:12:07
Norway,NOR,Europe & Central Asia,High income,2014,421578018419.0,5095725.0,82.0,3.9,8.46,99.95,wdi_extract_2024Q4.csv,2026-08-18 04:12:07
Nigeria,NGA,Sub-Saharan Africa,Lower middle income,2017,419811484734.0,193432557.0,52.4,4.93,0.65,54.25,wdi_extract_2024Q4.csv,2026-08-18 04:12:07
Netherlands,NLD,Europe & Central Asia,High income,2019,919551950730.0,17314001.0,82.2,3.39,8.75,100.0,wdi_extract_2024Q4.csv,2026-08-18 04:12:07
"Egypt, Arab Rep.",EGY,Middle East & North Africa,Lower middle income,2004,146550374473.0,74386031.0,69.2,8.81,2.12,98.52,wdi_extract_2024Q4.csv,2026-08-18 04:12:07
United States,USA,North America,High income,2004,12259868578873.0,293116670.0,77.3,6.0,18.07,100.0,wdi_extract_2024Q4.csv,2026-08-18 04:12:07
Argentina,ARG,Latin America & Caribbean,Upper middle income,2020,449515422109.0,45204045.0,75.2,10.73,3.73,100.0,wdi_extract_2024Q4.csv,2026-08-18 04:12:07
Spain,ESP,Europe & Central Asia,High income,2014,1466348117766.0,46780115.0,82.7,19.11,5.7,99.96,wdi_extract_2024Q4.csv,2026-08-18 04:12:07
Canada,CAN,North America,High income,2017,1699632121077.0,36771956.0,81.9,6.39,14.63,100.0,wdi_extract_2024Q4.csv,2026-08-18 04:12:07
Spain,ESP,Europe & Central Asia,High income,2001,692529360461.0,41199681.0,79.7,14.27,6.97,100.0,wdi_extract_2024Q4.csv,2026-08-18 04:12:07
China,CHN,East Asia & Pacific,Upper middle income,2002,2163163395078.0,1278127826.0,72.2,3.39,3.17,98.34,wdi_extract_2024Q4.csv,2026-08-18 04:12:07
Spain,ESP,Europe & Central Asia,High income,2003,858150232898.0,42390089.0,80.1,16.19,6.74,100.0,wdi_extract_2024Q4.csv,2026-08-18 04:12:07
Indonesia,IDN,East Asia & Pacific,Upper middle income,2008,641378640354.0,238152898.0,68.2,5.87,1.68,91.61,wdi_extract_2024Q4.csv,2026-08-18 04:12:07
Kenya,KEN,,,2024,,,,,,,wdi_extract_2025Q1.csv,2026-08-19 09:47:55
Netherlands,NLD,Europe & Central Asia,High income,2002,504529975421.0,16036936.0,78.5,3.36,10.47,99.63,wdi_extract_2024Q4.csv,2026-08-18 04:12:07
Canada,CAN,North America,High income,2009,1419596965507.0,33685633.0,81.1,9.83,16.81,99.5,wdi_extract_2024Q4.csv,2026-08-18 04:12:07
Canada,CAN,North America,High income,2019,1742151996637.0,37593146.0,82.2,6.06,15.99,99.8,wdi_extract_2024Q4.csv,2026-08-18 04:12:07
Sweden,SWE,Europe & Central Asia,High income,2012,494445086590.0,9581185.0,81.9,8.33,4.72,100.0,wdi_extract_2024Q4.csv,2026-08-18 04:12:07
Sweden,SWE,Europe & Central Asia,High income,2014,510628195118.0,9781395.0,82.3,7.48,4.38,99.98,wdi_extract_2024Q4.csv,2026-08-18 04:12:07
China,CHN,East Asia & Pacific,Upper middle income,2010,6120179246345.0,1337801998.0,74.8,4.57,5.9,99.32,wdi_extract_2024Q4.csv,2026-08-18 04:12:07
South Africa,ZAF,Sub-Saharan Africa,Upper middle income,2020,360268170901.0,58684756.0,65.4,28.67,6.47,85.19,wdi_extract_2024Q4.csv,2026-08-18 04:12:07
United Kingdom,GBR,Europe & Central Asia,High income,2009,2161516413542.0,62358494.0,80.0,9.82,8.03,99.84,wdi_extract_2024Q4.csv,2026-08-18 04:12:07
Poland,POL,Europe & Central Asia,High income,2012,511566100476.0,37949121.0,76.8,8.37,8.27,99.85,wdi_extract_2024Q4.csv,2026-08-18 04:12:07
Japan,JPN,East Asia & Pacific,High income,2009,5882176157549.0,128046519.0,82.8,6.85,9.32,100.0,wdi_extract_2024Q4.csv,2026-08-18 04:12:07
South Africa,ZAF,Sub-Saharan Africa,Upper middle income,2007,332248632896.0,49291776.0,58.0,24.4,8.54,79.54,wdi_extract_2024Q4.csv,2026-08-18 04:12:07
"Korea, Rep.",KOR,East Asia & Pacific,High income,2007,970165700051.0,48832348.0,78.9,3.95,11.09,100.0,wdi_extract_2024Q4.csv,2026-08-18 04:12:07
China,CHN,East Asia & Pacific,Upper middle income,2021,17636663032122.0,1408103034.0,78.2,5.03,7.94,100.0,wdi_extract_2024Q4.csv,2026-08-18 04:12:07
France,FRA,Europe & Central Asia,High income,2016,2648384701013.0,66509706.0,82.6,7.94,4.77,99.85,wdi_extract_2024Q4.csv,2026-08-18 04:12:07
Turkiye,TUR,Europe & Central Asia,Upper middle income,2017,762153223362.0,80910626.0,76.9,13.15,4.49,99.94,wdi_extract_2024Q4.csv,2026-08-18 04:12:07
Nigeria,NGA,Sub-Saharan Africa,Lower middle income,2009,317626519797.0,155652559.0,50.4,4.22,0.77,50.73,wdi_extract_2024Q4.csv,2026-08-18 04:12:07
Nigeria,NGA,Sub-Saharan Africa,Lower middle income,2016,416261885080.0,188709955.0,52.4,5.09,0.65,53.57,wdi_extract_2024Q4.csv,2026-08-18 04:12:07
Poland,POL,Europe & Central Asia,High income,2009,372206820162.0,38005867.0,76.0,12.46,8.74,99.89,wdi_extract_2024Q4.csv,2026-08-18 04:12:07
Norway,NOR,Europe & Central Asia,High income,2006,324165123824.0,4735435.0,80.2,3.43,8.88,99.66,wdi_extract_2024Q4.csv,2026-08-18 04:12:07
Turkiye,TUR,Europe & Central Asia,Upper middle income,2000,277281103004.0,63182446.0,71.6,6.47,3.42,100.0,wdi_extract_2024Q4.csv,2026-08-18 04:12:07
Poland,POL,Europe & Central Asia,High income,2016,571337183047.0,37911671.0,77.7,5.64,8.37,100.0,wdi_extract_2024Q4.csv,2026-08-18 04:12:07
Indonesia,IDN,East Asia & Pacific,Upper middle income,2023,1380903020713.0,277285639.0,71.1,3.47,2.64,99.03,wdi_extract_2024Q4.csv,2026-08-18 04:12:07
Türkiye,TUR,Europe & Central Asia,Upper middle income,2023,1110487078864.0,85326429.0,77.6,9.81,5.28,99.78,wdi_extract_2024Q4.csv,2026-08-18 04:12:07
Sweden,SWE,Europe & Central Asia,High income,2000,261787109784.0,8876579.0,79.6,5.64,6.05,99.7,wdi_extract_2024Q4.csv,2026-08-18 04:12:07
Australia,AUS,East Asia & Pacific,High income,2004,706782407372.0,20341973.0,80.3,5.93,17.8,99.58,wdi_extract_2024Q4.csv,2026-08-18 04:12:07
Saudi Arabia,SAU,Middle East & North Africa,High income,2017,745423787857.0,32759876.0,76.2,5.52,16.83,99.46,wdi_extract_2024Q4.csv,2026-08-18 04:12:07
Ethiopia,ETH,Sub-Saharan Africa,Low income,2001,10254605084.0,68360859.0,52.3,2.97,0.05,13.75,wdi_extract_2024Q4.csv,2026-08-18 04:12:07
Vietnam,VNM,East Asia & Pacific,Lower middle income,2012,170963469208.0,89453636.0,73.7,1.34,1.93,98.06,wdi_extract_2024Q4.csv,2026-08-18 04:12:07
"Korea, Rep.",KOR,East Asia & Pacific,High income,2019,1670697930587.0,51720151.0,83.2,4.08,12.51,99.66,wdi_extract_2024Q4.csv,2026-08-18 04:12:07
Brazil,BRA,Latin America & Caribbean,Upper middle income,2019,1850244870445.0,211031354.0,75.7,11.75,2.11,99.63,wdi_extract_2024Q4.csv,2026-08-18 04:12:07
Nigeria,NGA,Sub-Saharan Africa,Lower middle income,2022,384906502907.0,218664345.0,53.9,4.69,0.51,58.84,wdi_extract_2024Q4.csv,2026-08-18 04:12:07
Ethiopia,ETH,Sub-Saharan Africa,Low income,2020,114564643991.0,117075339.0,66.5,3.39,0.13,49.78,wdi_extract_2024Q4.csv,2026-08-18 04:12:07
"Egypt, Arab Rep.",EGY,Middle East & North Africa,Lower middle income,2002,123630941444.0,71561284.0,68.8,8.81,1.94,98.32,wdi_extract_2024Q4.csv,2026-08-18 04:12:07
Vietnam,VNM,East Asia & Pacific,Lower middle income,2002,47321335766.0,81375510.0,72.2,1.93,0.88,88.74,wdi_extract_2024Q4.csv,2026-08-18 04:12:07
Brazil,BRA,Latin America & Caribbean,Upper middle income,2006,1590346608844.0,188156963.0,72.1,8.9,2.02,97.29,wdi_extract_2024Q4.csv,2026-08-18 04:12:07
Nigeria,NGA,Sub-Saharan Africa,Lower middle income,2015,406531560522.0,183813917.0,52.0,4.74,0.72,53.69,wdi_extract_2024Q4.csv,2026-08-18 04:12:07
Netherlands,NLD,Europe & Central Asia,High income,2011,859480960067.0,16676068.0,81.0,5.04,10.89,99.91,wdi_extract_2024Q4.csv,2026-08-18 04:12:07
Brazil,BRA,Latin America & Caribbean,Upper middle income,2021,2136598185472.0,213663322.0,73.1,11.01,2.11,100.0,wdi_extract_2024Q4.csv,2026-08-18 04:12:07
Ethiopia,ETH,Sub-Saharan Africa,Low income,2014,58169637883.0,99474435.0,63.9,2.62,0.1,33.66,wdi_extract_2024Q4.csv,2026-08-18 04:12:07
Vietnam,VNM,East Asia & Pacific,Lower middle income,2010,118740324314.0,87398518.0,73.6,1.22,1.63,97.27,wdi_extract_2024Q4.csv,2026-08-18 04:12:07
Kenya,KEN,Sub-Saharan Africa,Lower middle income,2022,108047282865.0,53704331.0,63.9,5.59,0.41,74.38,wdi_extract_2024Q4.csv,2026-08-18 04:12:07
Mexico,MEX,Latin America & Caribbean,Upper middle income,2016,1262548755203.0,121327047.0,75.4,4.39,3.54,100.0,wdi_extract_2024Q4.csv,2026-08-18 04:12:07
Nigeria,NGA,Sub-Saharan Africa,Lower middle income,2023,358452035771.0,223825912.0,54.6,3.92,0.5,60.89,wdi_extract_2024Q4.csv,2026-08-18 04:12:07
Mexico,MEX,Latin America & Caribbean,Upper middle income,2018,1290763391022.0,123854688.0,75.3,3.58,3.58,100.0,wdi_extract_2024Q4.csv,2026-08-18 04:12:07
United States,USA,North America,High income,2013,17175004556833.0,315754569.0,78.6,7.15,16.2,100.0,wdi_extract_2024Q4.csv,2026-08-18 04:12:07
Canada,CAN,North America,High income,2015,1691034343225.0,36010695.0,81.6,6.66,15.88,99.57,wdi_extract_2024Q4.csv,2026-08-18 04:12:07
Spain,ESP,Europe & Central Asia,High income,2012,1490734946521.0,46698756.0,82.3,20.49,5.46,100.0,wdi_extract_2024Q4.csv,2026-08-18 04:12:07
Sweden,SWE,Europe & Central Asia,High income,2019,525182108643.0,10270788.0,83.2,6.49,3.79,100.0,wdi_extract_2024Q4.csv,2026-08-18 04:12:07
Italy,ITA,Europe & Central Asia,High income,2008,1967679960308.0,58783752.0,81.5,8.96,7.45,100.0,wdi_extract_2024Q4.csv,2026-08-18 04:12:07
Australia,AUS,East Asia & Pacific,High income,2001,480323595795.0,19476279.0,79.5,6.46,17.81,99.47,wdi_extract_2024Q4.csv,2026-08-18 04:12:07
South Africa,ZAF,Sub-Saharan Africa,Upper middle income,2021,384606998458.0,59295857.0,62.7,29.79,7.04,85.63,wdi_extract_2024Q4.csv,2026-08-18 04:12:07
Vietnam,VNM,East Asia & Pacific,Lower middle income,2003,55595703918.0,82050135.0,72.3,1.93,1.02,89.23,wdi_extract_2024Q4.csv,2026-08-18 04:12:07
Germany,DEU,Europe & Central Asia,High income,2023,4542675560790.0,84586806.0,81.5,2.99,6.79,99.73,wdi_extract_2024Q4.csv,2026-08-18 04:12:07
China,CHN,East Asia & Pacific,Upper middle income,2014,9800905074640.0,1369817411.0,76.2,4.37,6.65,99.99,wdi_extract_2024Q4.csv,2026-08-18 04:12:07
United Kingdom,GBR,Europe & Central Asia,High income,2020,2735241825089.0,67146882.0,80.1,4.85,4.67,99.31,wdi_extract_2024Q4.csv,2026-08-18 04:12:07
Australia,AUS,East Asia & Pacific,High income,2002,557271602929.0,19777846.0,79.6,5.5,17.4,100.0,wdi_extract_2024Q4.csv,2026-08-18 04:12:07
France,FRA,Europe & Central Asia,High income,2002,1634348176086.0,61619378.0,79.5,8.84,6.22,100.0,wdi_extract_2024Q4.csv,2026-08-18 04:12:07
France,FRA,Europe & Central Asia,High income,2022,2858445324684.0,68014140.0,82.9,7.31,4.28,100.0,wdi_extract_2024Q4.csv,2026-08-18 04:12:07
Saudi Arabia,SAU,Middle East & North Africa,High income,2016,716430146617.0,31989887.0,75.9,5.66,17.16,99.66,wdi_extract_2024Q4.csv,2026-08-18 04:12:07
Indonesia,IDN,East Asia & Pacific,Upper middle income,2004,400812099852.0,225986135.0,67.0,5.98,1.48,89.44,wdi_extract_2024Q4.csv,2026-08-18 04:12:07
Poland,POL,Europe & Central Asia,High income,2013,535644188663.0,37972950.0,77.0,7.86,8.11,99.73,wdi_extract_2024Q4.csv,2026-08-18 04:12:07
"Egypt, Arab Rep.",EGY,Middle East & North Africa,Lower middle income,2010,215003776309.0,82765615.0,187.4,8.75,2.41,99.52,wdi_extract_2024Q4.csv,2026-08-18 04:12:07
Canada,CAN,North America,High income,2008,1428435832856.0,33347111.0,80.7,7.9,16.88,100.0,wdi_extract_2024Q4.csv,2026-08-18 04:12:07
Japan,JPN,East Asia & Pacific,High income,2014,5427784454500.0,127362489.0,83.4,3.7,9.04,100.0,wdi_extract_2024Q4.csv,2026-08-18 04:12:07
Italy,ITA,Europe & Central Asia,High income,2000,1154059194030.0,56875133.0,79.8,9.85,8.01,100.0,wdi_extract_2024Q4.csv,2026-08-18 04:12:07
Sweden,SWE,Europe & Central Asia,High income,2003,330876840940.0,9019328.0,80.2,6.12,5.47,99.88,wdi_extract_2024Q4.csv,2026-08-18 04:12:07
Nigeria,NGA,Sub-Saharan Africa,Lower middle income,2012,377528478109.0,169299157.0,51.5,4.0,0.75,52.44,wdi_extract_2024Q4.csv,2026-08-18 04:12:07
Indonesia,IDN,East Asia & Pacific,Upper middle income,2007,570817392548.0,234863272.0,67.9,5.85,1.62,90.4,wdi_extract_2024Q4.csv,2026-08-18 04:12:07
Spain,ESP,Europe & Central Asia,High income,2008,1293810537459.0,45428498.0,81.6,18.86,6.23,100.0,wdi_extract_2024Q4.csv,2026-08-18 04:12:07
Mexico,MEX,Latin America & Caribbean,Upper middle income,2011,1094386139739.0,115228024.0,76.0,5.41,3.83,99.31,wdi_extract_2024Q4.csv,2026-08-18 04:12:07
Netherlands,NLD,Europe & Central Asia,High income,2008,764995513949.0,16458092.0,80.4,4.54,10.6,99.58,wdi_extract_2024Q4.csv,2026-08-18 04:12:07
Italy,ITA,Europe & Central Asia,High income,2015,2100590582690.0,59467715.0,82.5,9.12,6.0,100.0,wdi_extract_2024Q4.csv,2026-08-18 04:12:07
"Korea, Rep.",KOR,East Asia & Pacific,High income,2005,861725426239.0,48342159.0,78.1,4.16,10.43,99.87,wdi_extract_2024Q4.csv,2026-08-18 04:12:07
Sweden,SWE,Europe & Central Asia,High income,2013,497478868301.0,9681602.0,82.1,7.91,4.55,100.0,wdi_extract_2024Q4.csv,2026-08-18 04:12:07
Australia,AUS,East Asia & Pacific,High income,2023,1751608507897.0,26594800.0,83.2,3.81,14.51,99.75,wdi_extract_2024Q4.csv,2026-08-18 04:12:07
Sweden,SWE,Europe & Central Asia,High income,2022,559161616263.0,10480069.0,83.4,7.14,3.15,100.0,wdi_extract_2024Q4.csv,2026-08-18 04:12:07
Germany,DEU,Europe & Central Asia,High income,2017,3890023378714.0,82847614.0,81.0,4.1,8.34,99.66,wdi_extract_2024Q4.csv,2026-08-18 04:12:07
Saudi Arabia,SAU,Middle East & North Africa,High income,2000,190818069886.0,20722695.0,72.8,4.62,14.62,98.51,wdi_extract_2024Q4.csv,2026-08-18 04:12:07
Kenya,KEN,Sub-Saharan Africa,Lower middle income,2003,22272182704.0,34066477.0,54.5,4.85,0.32,16.24,wdi_extract_2024Q4.csv,2026-08-18 04:12:07
"Egypt, Arab Rep.",EGY,Middle East & North Africa,Lower middle income,2017,289175376732.0,96214291.0,70.4,8.32,2.32,99.88,wdi_extract_2024Q4.csv,2026-08-18 04:12:07
Spain,ESP,Europe & Central Asia,High income,2009,1258698644374.0,45987104.0,81.7,22.64,5.8,99.68,wdi_extract_2024Q4.csv,2026-08-18 04:12:07
France,FRA,Europe & Central Asia,High income,2012,2649919297514.0,65401669.0,82.0,8.9,5.88,100.0,wdi_extract_2024Q4.csv,2026-08-18 04:12:07
Russian Federation,RUS,Europe & Central Asia,Upper middle income,2016,1649115138406.0,143999645.0,71.6,5.47,11.11,99.73,wdi_extract_2024Q4.csv,2026-08-18 04:12:07
France,FRA,Europe & Central Asia,High income,2005,1979105786624.0,62935984.0,80.4,8.68,6.19,100.0,wdi_extract_2024Q4.csv,2026-08-18 04:12:07
Brazil,BRA,Latin America & Caribbean,Upper middle income,2007,1738606703363.0,190293587.0,72.2,8.79,2.15,97.64,wdi_extract_2024Q4.csv,2026-08-18 04:12:07
Russian Federation,RUS,Europe & Central Asia,Upper middle income,2020,1720012985525.0,144350024.0,71.4,5.57,11.1,99.85,wdi_extract_2024Q4.csv,2026-08-18 04:12:07
South Africa,ZAF,Sub-Saharan Africa,Upper middle income,2002,192362123894.0,46190309.0,56.6,26.34,8.12,72.93,wdi_extract_2024Q4.csv,2026-08-18 04:12:07
Poland,POL,Europe & Central Asia,High income,2004,303926201373.0,38128820.0,74.9,14.24,7.81,99.9,wdi_extract_2024Q4.csv,2026-08-18 04:12:07
Kenya,KEN,Sub-Saharan Africa,Lower middle income,2010,45551185530.0,41492932.0,61.4,6.06,0.3,19.16,wdi_extract_2024Q4.csv,2026-08-18 04:12:07
Vietnam,VNM,East Asia & Pacific,Lower middle income,2007,90292908864.0,85130579.0,73.2,1.54,1.28,94.39,wdi_extract_2024Q4.csv,2026-08-18 04:12:07
Netherlands,NLD,Europe & Central Asia,High income,2017,899609283743.0,17149545.0,81.9,3.92,9.07,100.0,wdi_extract_2024Q4.csv,2026-08-18 04:12:07
Germany,DEU,Europe & Central Asia,High income,2009,3040231576112.0,81952365.0,79.8,8.64,9.74,99.88,wdi_extract_2024Q4.csv,2026-08-18 04:12:07
Vietnam,VNM,East Asia & Pacific,Lower middle income,2013,195930734035.0,90410870.0,73.6,1.44,2.13,98.09,wdi_extract_2025Q1.csv,2026-08-19 09:47:55
United States,USA,North America,High income,2000,10082562042065.0,282253593.0,76.8,3.87,20.52,99.53,wdi_extract_2024Q4.csv,2026-08-18 04:12:07
Ethiopia,ETH,Sub-Saharan Africa,Low income,2015,65481413847.0,102330820.0,64.5,2.9,0.11,37.23,wdi_extract_2024Q4.csv,2026-08-18 04:12:07
Japan,JPN,East Asia & Pacific,High income,2010,5714639736407.0,128128555.0,82.9,5.46,9.56,99.86,wdi_extract_2024Q4.csv,2026-08-18 04:12:07
Norway,NOR,Europe & Central Asia,High income,2010,425254492322.0,4890153.0,81.1,4.29,8.86,100.0,wdi_extract_2024Q4.csv,2026-08-18 04:12:07
United States,USA,North America,High income,2015,18613295578036.0,319577388.0,78.7,6.36,15.85,100.0,wdi_extract_2024Q4.csv,2026-08-18 04:12:07
Saudi Arabia,SAU,Middle East & North Africa,High income,2002,259612020039.0,22070388.0,72.9,4.94,14.82,98.66,wdi_extract_2024Q4.csv,2026-08-18 04:12:07
Mexico,MEX,Latin America & Caribbean,Upper middle income,2009,911485241716.0,112512705.0,75.7,7.01,3.92,98.96,wdi_extract_2024Q4.csv,2026-08-18 04:12:07
Thailand,THA,East Asia & Pacific,Upper middle income,2017,503159087532.0,70436202.0,78.1,0.78,3.97,99.46,wdi_extract_2024Q4.csv,2026-08-18 04:12:07
Italy,ITA,Europe & Central Asia,High income,2010,2198779659312.0,59324344.0,82.0,9.25,7.01,99.89,wdi_extract_2024Q4.csv,2026-08-18 04:12:07
Sweden,SWE,Europe & Central Asia,High income,2021,567329576591.0,10417652.0,83.1,7.87,3.37,100.0,wdi_extract_2024Q4.csv,2026-08-18 04:12:07
China,CHN,East Asia & Pacific,Upper middle income,2013,8823666517524.0,1361288218.0,75.9,4.49,6.42,99.71,wdi_extract_2024Q4.csv,2026-08-18 04:12:07
Norway,NOR,Europe & Central Asia,High income,2012,427482213735.0,4989022.0,81.5,3.49,8.76,100.0,wdi_extract_2024Q4.csv,2026-08-18 04:12:07
Poland,POL,Europe & Central Asia,High income,2001,203654021021.0,38273612.0,74.1,15.96,7.87,99.91,wdi_extract_2024Q4.csv,2026-08-18 04:12:07
Sweden,SWE,Europe & Central Asia,High income,2017,519194716358.0,10073312.0,83.0,6.73,4.07,100.0,wdi_extract_2024Q4.csv,2026-08-18 04:12:07
Australia,AUS,East Asia & Pacific,High income,2017,1357836304651.0,24637555.0,82.6,5.48,16.68,100.0,wdi_extract_2024Q4.csv,2026-08-18 04:12:07
Canada,CAN,North America,High income,2003,1036792377735.0,31664993.0,79.7,7.24,16.03,99.89,wdi_extract_2024Q4.csv,2026-08-18 04:12:07
Saudi Arabia,SAU,Middle East & North Africa,High income,2019,828520841912.0,34310960.0,76.6,5.62,17.34,100.0,wdi_extract_2024Q4.csv,2026-08-18 04:12:07
Thailand,THA,East Asia & Pacific,Upper middle income,2010,339114165723.0,67171777.0,73.8,1.07,3.99,98.79,wdi_extract_2024Q4.csv,2026-08-18 04:12:07
Spain,ESP,Europe & Central Asia,High income,2000,594078304823.0,40634498.0,79.5,13.81,7.74,99.77,wdi_extract_2024Q4.csv,2026-08-18 04:12:07
United Kingdom,GBR,Europe & Central Asia,High income,2021,3177709956042.0,67553962.0,80.2,4.56,4.95,100.0,wdi_extract_2024Q4.csv,2026-08-18 04:12:07
Sweden,SWE,Europe & Central Asia,High income,2018,522859620686.0,10171162.0,83.0,6.72,3.75,100.0,wdi_extract_2024Q4.csv,2026-08-18 04:12:07
Italy,ITA,Europe & Central Asia,High income,2007,1884203939806.0,58579993.0,81.4,9.45,7.43,99.63,wdi_extract_2024Q4.csv,2026-08-18 04:12:07
Russian Federation,RUS,Europe & Central Asia,Upper middle income,2010,1516681807796.0,143326419.0,68.9,7.53,11.31,100.0,wdi_extract_2024Q4.csv,2026-08-18 04:12:07
Germany,DEU,Europe & Central Asia,High income,2012,3556597316683.0,82115405.0,80.2,6.14,9.44,99.82,wdi_extract_2024Q4.csv,2026-08-18 04:12:07
Australia,AUS,East Asia & Pacific,High income,2019,1422249843739.0,25411197.0,83.0,5.39,15.96,100.0,wdi_extract_2024Q4.csv,2026-08-18 04:12:07
China,CHN,East Asia & Pacific,Upper middle income,2019,14061541029288.0,1406930932.0,77.7,4.53,7.55,99.78,wdi_extract_2024Q4.csv,2026-08-18 04:12:07
France,FRA,Europe & Central Asia,High income,2020,2502697713209.0,67528443.0,82.1,7.61,3.93,100.0,wdi_extract_2024Q4.csv,2026-08-18 04:12:07
Poland,POL,Europe & Central Asia,High income,2015,562204919824.0,37937606.0,77.4,6.26,7.98,100.0,wdi_extract_2024Q4.csv,2026-08-18 04:12:07
Sweden,SWE,Europe & Central Asia,High income,2009,402502968599.0,9329388.0,81.4,9.65,5.38,100.0,wdi_extract_2024Q4.csv,2026-08-18 04:12:07
Italy,ITA,Europe & Central Asia,High income,2019,2054602211015.0,59619992.0,83.2,10.04,5.24,100.0,wdi_extract_2024Q4.csv,2026-08-18 04:12:07
Canada,CAN,North America,High income,2011,1626781327628.0,34418369.0,81.3,8.0,15.62,99.58,wdi_extract_2024Q4.csv,2026-08-18 04:12:07
Germany,DEU,Europe & Central Asia,High income,2019,3951113062513.0,83174519.0,81.3,3.19,8.36,100.0,wdi_extract_2024Q4.csv,2026-08-18 04:12:07
Poland,POL,Europe & Central Asia,High income,2023,849937669451.0,36590362.0,78.5,3.11,7.74,100.0,wdi_extract_2024Q4.csv,2026-08-18 04:12:07
Germany,DEU,Europe & Central Asia,High income,2020,3943127440722.0,83395666.0,81.0,3.82,7.08,100.0,wdi_extract_2024Q4.csv,2026-08-18 04:12:07
Thailand,THA,East Asia & Pacific,Upper middle income,2015,453175603644.0,69484059.0,76.8,0.81,4.11,100.0,wdi_extract_2024Q4.csv,2026-08-18 04:12:07
Sweden,SWE,Europe & Central Asia,High income,2005,377441939914.0,9128984.0,80.5,6.85,5.29,100.0,wdi_extract_2024Q4.csv,2026-08-18 04:12:07
Germany,DEU,Europe & Central Asia,High income,2007,2996241315593.0,81908809.0,79.4,7.14,9.9,99.44,wdi_extract_2024Q4.csv,2026-08-18 04:12:07
"Egypt, Arab Rep.",EGY,Middle East & North Africa,Lower middle income,2016,281362686674.0,94303182.0,70.5,8.53,2.31,99.08,wdi_extract_2024Q4.csv,2026-08-18 04:12:07
Nigeria,NGA,Sub-Saharan Africa,Lower middle income,2021,416030868821.0,213619816.0,53.3,6.49,0.53,58.13,wdi_extract_2024Q4.csv,2026-08-18 04:12:07
Australia,AUS,East Asia & Pacific,High income,2013,1273976054235.0,23127248.0,82.1,5.74,16.87,99.93,wdi_extract_2024Q4.csv,2026-08-18 04:12:07
United States,USA,North America,High income,2011,15725892971789.0,311132735.0,78.6,8.32,17.61,100.0,wdi_extract_2024Q4.csv,2026-08-18 04:12:07
United States,USA,North America,High income,2010,15146830980122.0,309371540.0,78.6,9.69,17.46,99.57,wdi_extract_2024Q4.csv,2026-08-18 04:12:07
China,CHN,East Asia & Pacific,Upper middle income,2005,3654935878479.0,1300383339.0,73.2,3.82,4.6,99.69,wdi_extract_2024Q4.csv,2026-08-18 04:12:07
Japan,JPN,East Asia & Pacific,High income,2003,5174577450305.0,127157749.0,81.7,4.81,9.76,100.0,wdi_extract_2024Q4.csv,2026-08-18 04:12:07
Australia,AUS,East Asia & Pacific,High income,2008,989711306886.0,21435097.0,81.2,5.13,17.22,100.0,wdi_extract_2024Q4.csv,2026-08-18 04:12:07
Netherlands,NLD,Europe & Central Asia,High income,2020,937217609714.0,17441631.0,81.8,4.07,7.8,100.0,wdi_extract_2024Q4.csv,2026-08-18 04:12:07
Japan,JPN,East Asia & Pacific,High income,2022,4492280488836.0,124880559.0,84.1,2.7,8.14,100.0,wdi_extract_2024Q4.csv,2026-08-18 04:12:07
"Korea, Rep.",KOR,East Asia & Pacific,High income,2002,696695489142.0,47512620.0,76.9,4.33,9.93,100.0,wdi_extract_2024Q4.csv,2026-08-18 04:12:07
Spain,ESP,Europe & Central Asia,High income,2015,1479643030678.0,46910827.0,83.0,18.35,5.64,99.69,wdi_extract_2024Q4.csv,2026-08-18 04:12:07
United Kingdom,GBR,Europe & Central Asia,High income,2000,1657142507378.0,58958771.0,77.8,5.25,9.65,99.95,wdi_extract_2024Q4.csv,2026-08-18 04:12:07
Vietnam,VNM,East Asia & Pacific,Lower middle income,2016,267657270437.0,93459252.0,73.6,1.75,2.73,98.56,wdi_extract_2024Q4.csv,2026-08-18 04:12:07
Turkiye,TUR,Europe & Central Asia,Upper middle income,2022,1017507792501.0,84829174.0,77.1,10.52,5.23,100.0,wdi_extract_2024Q4.csv,2026-08-18 04:12:07
China,CHN,East Asia & Pacific,Upper middle income,2003,2700348505151.0,1285032141.0,72.6,,3.63,99.64,wdi_extract_2024Q4.csv,2026-08-18 04:12:07
Russia,RUS,Europe & Central Asia,Upper middle income,2003,635050180956.0,145486062.0,66.5,9.28,10.76,100.0,wdi_extract_2024Q4.csv,2026-08-18 04:12:07
Indonesia,IDN,East Asia & Pacific,Upper middle income,2012,836232462810.0,249673601.0,69.4,5.01,1.89,94.42,wdi_extract_2024Q4.csv,2026-08-18 04:12:07
Netherlands,NLD,Europe & Central Asia,High income,2018,896433473705.0,17215607.0,82.0,3.63,8.84,100.0,wdi_extract_2024Q4.csv,2026-08-18 04:12:07
France,FRA,Europe & Central Asia,High income,2015,2633996217316.0,66265441.0,82.4,8.25,5.27,99.73,wdi_extract_2024Q4.csv,2026-08-18 04:12:07
Spain,ESP,Europe & Central Asia,High income,2017,1480836309039.0,47006048.0,83.4,16.81,5.35,100.0,wdi_extract_2024Q4.csv,2026-08-18 04:12:07
"Egypt, Arab Rep.",EGY,Middle East & North Africa,Lower middle income,2005,155191482325.0,75733088.0,69.4,8.78,2.11,98.86,wdi_extract_2024Q4.csv,2026-08-18 04:12:07
Indonesia,IDN,East Asia & Pacific,Upper middle income,2022,1336282016303.0,275501399.0,70.7,3.69,2.48,99.8,wdi_extract_2024Q4.csv,2026-08-18 04:12:07
Russian Federation,RUS,Europe & Central Asia,Upper middle income,2021,1874116580776.0,144185998.0,69.7,4.4,11.16,100.0,wdi_extract_2024Q4.csv,2026-08-18 04:12:07
"Korea, Rep.",KOR,East Asia & Pacific,High income,2016,1518338187393.0,50956755.0,82.3,4.0,12.33,99.85,wdi_extract_2024Q4.csv,2026-08-18 04:12:07
Kenya,KEN,Sub-Saharan Africa,Lower middle income,2009,40123321229.0,40437793.0,60.4,6.23,0.32,18.66,wdi_extract_2024Q4.csv,2026-08-18 04:12:07
United Kingdom,GBR,Europe & Central Asia,High income,2008,2375726238583.0,61994149.0,80.0,7.35,8.66,100.0,wdi_extract_2024Q4.csv,2026-08-18 04:12:07
Thailand,THA,East Asia & Pacific,Upper middle income,2005,234087690988.0,65122921.0,72.4,1.61,3.47,91.13,wdi_extract_2024Q4.csv,2026-08-18 04:12:07
United States,USA,North America,High income,2003,11873204043611.0,290349526.0,77.1,6.0,18.51,100.0,wdi_extract_2024Q4.csv,2026-08-18 04:12:07
India,IND,South Asia,Lower middle income,2021,3309262243580.0,1405864850.0,68.8,6.14%,1.86,97.88,wdi_extract_2024Q4.csv,2026-08-18 04:12:07
Japan,JPN,East Asia & Pacific,High income,2002,5132483114054.0,127063383.0,81.4,4.79,9.87,99.44,wdi_extract_2024Q4.csv,2026-08-18 04:12:07
Thailand,THA,East Asia & Pacific,Upper middle income,2016,482668422990.0,69958076.0,77.5,0.81,4.1,99.74,wdi_extract_2024Q4.csv,2026-08-18 04:12:07
Canada,CAN,North America,High income,2006,1262564978838.0,32651327.0,80.5,7.76,16.47,99.89,wdi_extract_2024Q4.csv,2026-08-18 04:12:07
Sweden,SWE,Europe & Central Asia,High income,2006,398954920470.0,9170360.0,80.9,7.42,5.39,99.69,wdi_extract_2024Q4.csv,2026-08-18 04:12:07
Australia,AUS,East Asia & Pacific,High income,2009,1026660201634.0,21720378.0,81.6,7.03,17.62,100.0,wdi_extract_2024Q4.csv,2026-08-18 04:12:07
Saudi Arabia,SAU,Middle East & North Africa,High income,2011,557103124263.0,28129465.0,74.8,5.55,16.57,100.0,wdi_extract_2024Q4.csv,2026-08-18 04:12:07
Poland,POL,Europe & Central Asia,High income,2021,766665528878.0,37265971.0,76.4,3.26,7.29,100.0,wdi_extract_2024Q4.csv,2026-08-18 04:12:07
Argentina,ARG,Latin America & Caribbean,Upper middle income,2015,429307972556.0,43245460.0,76.0,8.32,3.98,99.35,wdi_extract_2024Q4.csv,2026-08-18 04:12:07
UK,GBR,Europe & Central Asia,High income,2022,3348343978816.0,67976292.0,81.0,4.21,4.93,100.0,wdi_extract_2024Q4.csv,2026-08-18 04:12:07
Mexico,MEX,Latin America & Caribbean,Upper middle income,2014,1180073783103.0,119018013.0,75.5,4.47,3.67,99.66,wdi_extract_2024Q4.csv,2026-08-18 04:12:07
South Africa,ZMB,Sub-Saharan Africa,Upper middle income,2014,396672116333.0,54331817.0,61.5,26.04,7.85,83.77,wdi_extract_2024Q4.csv,2026-08-18 04:12:07
Italy,ITA,Europe & Central Asia,High income,2012,2141182108592.0,59345557.0,82.2,9.44,6.59,100.0,wdi_extract_2024Q4.csv,2026-08-18 04:12:07
Ethiopia,ETH,Sub-Saharan Africa,Low income,2003,14677797318.0,72640659.0,54.5,2.83,0.06,15.12,wdi_extract_2024Q4.csv,2026-08-18 04:12:07
"Egypt, Arab Rep.",EGY,Middle East & North Africa,Lower middle income,2008,192671108592.0,80005234.0,70.0,8.69,2.27,98.83,wdi_extract_2024Q4.csv,2026-08-18 04:12:07
Brazil,BRA,Latin America & Caribbean,Upper middle income,2008,1911140435006.0,192342870.0,72.5,8.83,2.09,98.63,wdi_extract_2024Q4.csv,2026-08-18 04:12:07
India,IND,South Asia,Lower middle income,2018,2726917155783.0,1366203457.0,70.2,5.66,1.74,94.07,wdi_extract_2024Q4.csv,2026-08-18 04:12:07
United Kingdom,GBR,Europe & Central Asia,High income,2011,2566579754908.0,63252348.0,80.6,7.41,7.89,100.0,wdi_extract_2024Q4.csv,2026-08-18 04:12:07
Indonesia,IDN,East Asia & Pacific,Upper middle income,2013,880858182106.0,252563137.0,69.7,4.87,1.91,94.96,wdi_extract_2024Q4.csv,2026-08-18 04:12:07
Indonesia,IDN,East Asia & Pacific,Upper middle income,2009,681687139633.0,241012315.0,68.3,5.81,1.68,92.59,wdi_extract_2024Q4.csv,2026-08-18 04:12:07
Ethiopia,ETH,Sub-Saharan Africa,Low income,2023,156987036907.0,126485619.0,66.9,3.25,0.16,54.66,wdi_extract_2024Q4.csv,2026-08-18 04:12:07
France,FRA,Europe & Central Asia,High income,2017,2593812034831.0,66825665.0,82.5,8.36,4.6,100.0,wdi_extract_2024Q4.csv,2026-08-18 04:12:07
Italy,ITA,Europe & Central Asia,High income,2021,2157670632132.0,59280870.0,82.5,9.35,4.98,100.0,wdi_extract_2024Q4.csv,2026-08-18 04:12:07
Russian Federation,RUS,Europe & Central Asia,Upper middle income,2009,1066702817697.0,143704821.0,68.4,9.52,11.51,99.8,wdi_extract_2024Q4.csv,2026-08-18 04:12:07
Russian Federation,RUS,Europe & Central Asia,Upper middle income,2004,759683534301.0,145247119.0,66.8,9.23,10.95,99.9,wdi_extract_2024Q4.csv,2026-08-18 04:12:07
Turkiye,TUR,Europe & Central Asia,Upper middle income,2020,858975041461.0,83847857.0,76.7,12.93,4.64,100.0,wdi_extract_2024Q4.csv,2026-08-18 04:12:07
Canada,CAN,North America,High income,2023,2099264622042.0,40051304.0,81.8,5.13,14.64,99.99,wdi_extract_2024Q4.csv,2026-08-18 04:12:07
Thailand,THA,East Asia & Pacific,Upper middle income,2020,506369325683.0,71358151.0,78.4,1.09,3.76,99.19,wdi_extract_2024Q4.csv,2026-08-18 04:12:07
Saudi Arabia,SAU,Middle East & North Africa,High income,2007,431870816245.0,25370721.0,74.1,5.27,16.11,98.96,wdi_extract_2024Q4.csv,2026-08-18 04:12:07
Italy,ITA,Europe & Central Asia,High income,2009,1897235726788.0,59053144.0,81.8,10.4,7.05,100.0,wdi_extract_2024Q4.csv,2026-08-18 04:12:07
Spain,ESP,Europe & Central Asia,High income,2016,1472519059027.0,46968652.0,83.1,17.01,5.57,100.0,wdi_extract_2024Q4.csv,2026-08-18 04:12:07
Netherlands,NLD,Europe & Central Asia,High income,2010,851555806894.0,16594779.0,80.8,5.66,11.33,99.46,wdi_extract_2024Q4.csv,2026-08-18 04:12:07
Australia,AUS,East Asia & Pacific,High income,2016,1326680433166.0,24277715.0,82.6,5.31,15.65,99.94,wdi_extract_2024Q4.csv,2026-08-18 04:12:07
Brazil,BRA,Latin America & Caribbean,Upper middle income,2000,652846267464.0,175925034.0,69.9,9.33,2.0,95.39,wdi_extract_2024Q4.csv,2026-08-18 04:12:07
Australia,AUS,East Asia & Pacific,High income,2015,1305946233257.0,23903581.0,82.5,5.44,15.95,100.0,wdi_extract_2024Q4.csv,2026-08-18 04:12:07
United States of America,USA,North America,High income,2017,19973680053037.0,323921843.0,78.6,5.04,14.42,100.0,wdi_extract_2024Q4.csv,2026-08-18 04:12:07
Nigeria,NGA,Sub-Saharan Africa,Lower middle income,2018,445653138319.0,198364851.0,52.8,5.37,0.61,54.26,wdi_extract_2024Q4.csv,2026-08-18 04:12:07
Indonesia,IDN,East Asia & Pacific,Upper middle income,2014,918916175135.0,255312634.0,69.8,4.63,2.04,95.53,wdi_extract_2024Q4.csv,2026-08-18 04:12:07
Vietnam,VNM,East Asia & Pacific,Lower middle income,2015,241103795431.0,92343371.0,73.8,1.71,2.68,98.31,wdi_extract_2024Q4.csv,2026-08-18 04:12:07
Poland,POL,Europe & Central Asia,High income,2010,485136458727.0,38000693.0,76.4,10.32,8.3,99.63,wdi_extract_2024Q4.csv,2026-08-18 04:12:07
Vietnam,VNM,East Asia & Pacific,Lower middle income,2006,82597309192.0,84419438.0,73.1,1.51,1.23,93.29,wdi_extract_2024Q4.csv,2026-08-18 04:12:07
China,CHN,East Asia & Pacific,Upper middle income,2017,12502700921618.0,1391650676.0,77.1,4.42,6.99,100.0,wdi_extract_2024Q4.csv,2026-08-18 04:12:07
Norway,NOR,Europe & Central Asia,High income,2023,497563543395.0,5520815.0,83.5,3.75,6.33,100.0,wdi_extract_2024Q4.csv,2026-08-18 04:12:07
France,FRA,Europe & Central Asia,High income,2007,2198936440935.0,63768278.0,80.8,8.46,6.17,100.0,wdi_extract_2024Q4.csv,2026-08-18 04:12:07
Mexico,MEX,Latin America & Caribbean,Upper middle income,2005,886564570864.0,106475836.0,75.1,4.08,3.78,97.89,wdi_extract_2024Q4.csv,2026-08-18 04:12:07
Vietnam,VNM,East Asia & Pacific,Lower middle income,2017,290240612615.0,94511517.0,73.8,1.87,2.84,98.92,wdi_extract_2024Q4.csv,2026-08-18 04:12:07
Sweden,SWE,Europe & Central Asia,High income,2015,507476222286.0,9881855.0,82.2,7.1,4.35,100.0,wdi_extract_2024Q4.csv,2026-08-18 04:12:07
Brazil,BRA,Latin America & Caribbean,Upper middle income,2015,2031535853332.0,204457422.0,74.7,10.46,2.22,99.01,wdi_extract_2024Q4.csv,2026-08-18 04:12:07
Vietnam,VNM,East Asia & Pacific,Lower middle income,2018,317930674286.0,95382637.0,73.7,1.96,3.14,98.76,wdi_extract_2024Q4.csv,2026-08-18 04:12:07
Nigeria,NGA,Sub-Saharan Africa,Lower middle income,2003,156105482670.0,133973899.0,47.5,3.79,0.74,47.19,wdi_extract_2024Q4.csv,2026-08-18 04:12:07
Spain,ESP,Europe & Central Asia,High income,2007,1184597541777.0,44776949.0,81.4,18.84,6.37,100.0,wdi_extract_2024Q4.csv,2026-08-18 04:12:07
Turkiye,TUR,Europe & Central Asia,Upper middle income,2002,381803526971.0,64992911.0,72.4,7.67,3.44,100.0,wdi_extract_2024Q4.csv,2026-08-18 04:12:07
Netherlands,NLD,Europe & Central Asia,High income,2009,745960335759.0,16542991.0,80.5,6.39,11.08,100.0,wdi_extract_2024Q4.csv,2026-08-18 04:12:07
Kenya,KEN,Sub-Saharan Africa,Lower middle income,2014,70763263852.0,45016970.0,63.5,5.64,0.36,41.64,wdi_extract_2024Q4.csv,2026-08-18 04:12:07
Norway,NOR,Europe & Central Asia,High income,2000,171840948012.0,4487959.0,78.7,3.31,8.44,99.92,wdi_extract_2024Q4.csv,2026-08-18 04:12:07
Poland,POL,Europe & Central Asia,High income,2019,614175920271.0,37904968.0,78.3,3.51,8.14,99.62,wdi_extract_2024Q4.csv,2026-08-18 04:12:07
India,IND,South Asia,Lower middle income,2006,1187507763423.0,1164739135.0,65.3,7.96,1.22,69.37,wdi_extract_2024Q4.csv,2026-08-18 04:12:07
United States,USA,North America,High income,2006,13171469895570.0,298510217.0,77.8,7.31,18.4,100.0,wdi_extract_2024Q4.csv,2026-08-18 04:12:07
Mexico,MEX,Latin America & Caribbean,Upper middle income,2013,1150733932935.0,117640107.0,75.8,5.0,3.74,99.34,wdi_extract_2024Q4.csv,2026-08-18 04:12:07
Saudi Arabia,SAU,Middle East & North Africa,High income,2012,591995101901.0,28948262.0,74.9,5.53,16.11,99.56,wdi_extract_2024Q4.csv,2026-08-18 04:12:07
Thailand,THA,East Asia & Pacific,Upper middle income,2014,434760376709.0,68998908.0,76.3,0.87,4.03,100.0,wdi_extract_2024Q4.csv,2026-08-18 04:12:07
United Kingdom,GBR,Europe & Central Asia,High income,2018,2876630207703.0,66325693.0,81.1,4.53,5.63,99.79,wdi_extract_2024Q4.csv,2026-08-18 04:12:07
Ethiopia,ETH,Sub-Saharan Africa,Low income,2022,144658663912.0,123451948.0,66.8,3.2,0.15,53.95,wdi_extract_2024Q4.csv,2026-08-18 04:12:07
Ethiopia,ETH,Sub-Saharan Africa,Low income,2018,87593591612.0,111106834.0,66.0,3.26,0.13,46.1,wdi_extract_2024Q4.csv,2026-08-18 04:12:07
Canada,CAN,North America,High income,2002,928283175615.0,31381132.0,79.7,7.4,17.28,100.0,wdi_extract_2024Q4.csv,2026-08-18 04:12:07
Vietnam,VNM,East Asia & Pacific,Lower middle income,2013,190598499745.0,90410870.0,73.8,1.44,2.13,98.09,wdi_extract_2024Q4.csv,2026-08-18 04:12:07
"Korea, Rep.",KOR,East Asia & Pacific,High income,2008,1031431789955.0,49041062.0,79.5,3.84,11.29,100.0,wdi_extract_2024Q4.csv,2026-08-18 04:12:07
Australia,AUS,East Asia & Pacific,High income,2007,920734057342.0,21158011.0,81.0,5.72,17.41,99.24,wdi_extract_2024Q4.csv,2026-08-18 04:12:07
India,IND,South Asia,Lower middle income,2004,937275247925.0,1128188883.0,64.2,7.65,1.15,65.87,wdi_extract_2024Q4.csv,2026-08-18 04:12:07
Spain,ESP,Europe & Central Asia,High income,2020,1356363074888.0,47466477.0,82.1,16.39,4.69,99.46,wdi_extract_2024Q4.csv,2026-08-18 04:12:07
Mexico,MEX,Latin America & Caribbean,Upper middle income,2012,1146778492567.0,116534714.0,75.8,5.34,3.74,99.28,wdi_extract_2024Q4.csv,2026-08-18 04:12:07
Norway,NOR,Europe & Central Asia,High income,2008,376420129679.0,4811137.0,80.6,3.58,9.03,99.98,wdi_extract_2024Q4.csv,2026-08-18 04:12:07
Iran,IRN,Middle East & North Africa,Lower middle income,2020,328019789190.0,81113858.0,76.4,10.37,7.57,100.0,manual_addendum.xlsx,2026-08-20 16:03:11
Nigeria,NGA,Sub-Saharan Africa,Lower middle income,2011,NULL,164366784.0,51.2,3.72,0.81,50.93,wdi_extract_2024Q4.csv,2026-08-18 04:12:07
Norway,NOR,Europe & Central Asia,High income,2019,417488214030.0,5354102.0,83.1,3.81,6.79,99.33,wdi_extract_2024Q4.csv,2026-08-18 04:12:07
Thailand,THA,East Asia & Pacific,Upper middle income,2001,146816334432.0,63524840.0,71.2,2.25,3.05,83.83,wdi_extract_2024Q4.csv,2026-08-18 04:12:07
Germany,DEU,Europe & Central Asia,High income,2014,3657492936063.0,82451261.0,80.5,5.63,9.0,100.0,wdi_extract_2024Q4.csv,2026-08-18 04:12:07
South Africa,ZAF,Sub-Saharan Africa,Upper middle income,2022,386160549250.0,59826183.0,64.7,31.92,6.93,86.08,wdi_extract_2024Q4.csv,2026-08-18 04:12:07
France,FRA,Europe & Central Asia,High income,2014,2647848856290.0,65965149.0,82.2,8.71,5.38,100.0,wdi_extract_2024Q4.csv,2026-08-18 04:12:07
China,CHN,East Asia & Pacific,Upper middle income,2022,17187903167570.0,1410369907.0,78.3,4.89,8.1,100.0,wdi_extract_2024Q4.csv,2026-08-18 04:12:07
South Africa,ZAF,Sub-Saharan Africa,Upper middle income,2003,219747759604.0,46789220.0,56.9,27.34,8.07,74.14,wdi_extract_2024Q4.csv,2026-08-18 04:12:07
Turkiye,TUR,Europe & Central Asia,Upper middle income,2006,580562213053.0,68626458.0,73.6,8.84,3.83,100.0,wdi_extract_2024Q4.csv,2026-08-18 04:12:07
Italy,ITA,Europe & Central Asia,High income,2005,1638603683981.0,58109327.0,81.0,9.57,7.67,100.0,wdi_extract_2024Q4.csv,2026-08-18 04:12:07
Nigeria,NGA,Sub-Saharan Africa,Lower middle income,2001,98455766520.0,126512574.0,46.9,3.89,0.7,45.34,wdi_extract_2024Q4.csv,2026-08-18 04:12:07
United States,USA,North America,High income,2023,27138374841333.0,335043858.0,79.2,3.62,12.23,100.0,wdi_extract_2024Q4.csv,2026-08-18 04:12:07
Spain,ESP,Europe & Central Asia,High income,2005,1024317781463.0,43628874.0,80.7,17.1,6.95,99.97,wdi_extract_2024Q4.csv,2026-08-18 04:12:07
Vietnam,VNM,East Asia & Pacific,Lower middle income,2020,376314890774.0,97505012.0,73.7,2.12,3.1,99.23,wdi_extract_2024Q4.csv,2026-08-18 04:12:07
Ethiopia,ETH,Sub-Saharan Africa,Low income,2000,8086344616.0,66206621.0,51.4,2.75,0.05,13.39,wdi_extract_2024Q4.csv,2026-08-18 04:12:07
South Africa,ZAF,Sub-Saharan Africa,Upper middle income,2009,342266243507.0,50505504.0,58.6,26.62,8.7,81.91,wdi_extract_2024Q4.csv,2026-08-18 04:12:07
Poland,POL,Europe & Central Asia,High income,2005,334193794957.0,38119171.0,74.9,13.24,8.42,99.79,wdi_extract_2024Q4.csv,2026-08-18 04:12:07
Canada,CAN,North America,High income,2014,1689110015682.0,35579674.0,81.8,6.89,15.63,99.63,wdi_extract_2024Q4.csv,2026-08-18 04:12:07
China,CHN,East Asia & Pacific,Upper middle income,2008,5093610824673.0,1323253282.0,74.2,4.2,5.29,99.63,wdi_extract_2024Q4.csv,2026-08-18 04:12:07
Canada,CAN,North America,High income,2018,1765488856474.0,37216479.0,82.0,5.95,15.32,99.99,wdi_extract_2024Q4.csv,2026-08-18 04:12:07
China,CHN,East Asia & Pacific,Upper middle income,2004,3145816797849.0,1293678448.0,72.9,3.67,3.95,99.2,wdi_extract_2024Q4.csv,2026-08-18 04:12:07
Nigeria,NGA,Sub-Saharan Africa,Lower middle income,2010,357492754051.0,159487549.0,51.2,3.84,0.8,51.17,wdi_extract_2024Q4.csv,2026-08-18 04:12:07
Kenya,KEN,Sub-Saharan Africa,Lower middle income,2017,89074361353.0,47659652.0,65.0,5.46,0.37,58.86,wdi_extract_2024Q4.csv,2026-08-18 04:12:07
Australia,AUS,East Asia & Pacific,High income,2000,420352286666.0,19209520.0,79.1,6.52,17.85,99.97,wdi_extract_2024Q4.csv,2026-08-18 04:12:07
Sweden,SWE,Europe & Central Asia,High income,2020,527099341167.0,10346488.0,82.5,8.27,3.35,99.79,wdi_extract_2024Q4.csv,2026-08-18 04:12:07
USA,USA,North America,High income,2012,16423677527693.0,313365776.0,78.6,8.56,16.83,99.42,wdi_extract_2024Q4.csv,2026-08-18 04:12:07
Argentina,ARG,Latin America & Caribbean,Upper middle income,2007,378495085599.0,39975860.0,75.0,9.8,4.07,96.87,wdi_extract_2024Q4.csv,2026-08-18 04:12:07
"Egypt, Arab Rep.",EGY,Middle East & North Africa,Lower middle income,2013,244810200899.0,88574424.0,70.4,8.95,2.26,99.66,wdi_extract_2024Q4.csv,2026-08-18 04:12:07
Germany,DEU,Europe & Central Asia,High income,2000,1959278804650.0,82187070.0,78.0,7.98,10.69,99.77,wdi_extract_2024Q4.csv,2026-08-18 04:12:07
Netherlands,NLD,Europe & Central Asia,High income,2006,682958335579.0,16320487.0,79.8,4.02,11.09,100.0,wdi_extract_2024Q4.csv,2026-08-18 04:12:07
Sweden,SWE,Europe & Central Asia,High income,2002,307201915528.0,8972891.0,79.9,6.33,5.65,100.0,wdi_extract_2024Q4.csv,2026-08-18 04:12:07
Sweden,SWE,Europe & Central Asia,High income,2001,286685724282.0,8919413.0,79.9,6.04,5.39,100.0,wdi_extract_2024Q4.csv,2026-08-18 04:12:07
United Kingdom,GBR,Europe & Central Asia,High income,2019,2962565354341.0,66773803.0,81.2,3.96,4.96,99.89,wdi_extract_2024Q4.csv,2026-08-18 04:12:07
Mexico,MEX,Latin America & Caribbean,Upper middle income,2007,967476589414.0,109589249.0,75.4,4.57,4.03,98.32,wdi_extract_2024Q4.csv,2026-08-18 04:12:07
Italy,ITA,Europe & Central Asia,High income,2020,1916874379735.0,59429043.0,82.0,9.38,4.97,100.0,wdi_extract_2024Q4.csv,2026-08-18 04:12:07
Italy,ITA,Europe & Central Asia,High income,2018,2049817769035.0,59608154.0,82.9,10.0,5.32,100.0,wdi_extract_2024Q4.csv,2026-08-18 04:12:07
Netherlands,NLD,Europe & Central Asia,High income,2016,905926755518.0,17046915.0,81.6,3.77,9.47,99.62,wdi_extract_2024Q4.csv,2026-08-18 04:12:07
Poland,POL,Europe & Central Asia,High income,2003,271858473971.0,38205022.0,74.6,14.95,7.86,99.8,wdi_extract_2024Q4.csv,2026-08-18 04:12:07
Brazil,BRA,Latin America & Caribbean,Upper middle income,2005,1441637651528.0,186293751.0,71.6,8.96,2.02,96.82,wdi_extract_2024Q4.csv,2026-08-18 04:12:07
South Africa,ZAF,Sub-Saharan Africa,Upper middle income,2010,417777370000.0,51244276.0,59.0,25.49,8.76,83.04,wdi_extract_2024Q4.csv,2026-08-18 04:12:07
India,IND,South Asia,Lower middle income,2009,1474751053407.0,1216339268.0,66.6,8.45,1.39,74.04,wdi_extract_2024Q4.csv,2026-08-18 04:12:07
Australia,AUS,East Asia & Pacific,High income,2020,1488230144368.0,25687409.0,83.3,6.17,13.79,99.67,wdi_extract_2024Q4.csv,2026-08-18 04:12:07
India,IND,South Asia,Lower middle income,2011,1780037806162.0,1251391702.0,67.3,7.88,1.49,77.72,wdi_extract_2024Q4.csv,2026-08-18 04:12:07
World,WLD,Aggregates,Aggregates,2015,29453327053017.0,7084153529.0,79.5,5.73,6.25,82.54,wdi_extract_2024Q4.csv,2026-08-18 04:12:07
Japan,JPN,East Asia & Pacific,High income,2023,4223557772710.0,124451541.0,84.0,2.56,8.0,99.69,wdi_extract_2024Q4.csv,2026-08-18 04:12:07
Saudi Arabia,SAU,Middle East & North Africa,High income,2008,466923782566.0,26045792.0,74.1,5.67,15.68,98.94,wdi_extract_2024Q4.csv,2026-08-18 04:12:07
Germany,DEU,Europe & Central Asia,High income,2001,2087649533723.0,82109490.0,78.5,7.82,10.62,100.0,wdi_extract_2024Q4.csv,2026-08-18 04:12:07
Turkiye,TUR,Europe & Central Asia,Upper middle income,2008,688189385450.0,70463259.0,74.4,10.22,3.99,100.0,wdi_extract_2024Q4.csv,2026-08-18 04:12:07
"Korea, Rep.",KOR,East Asia & Pacific,High income,2004,813351413707.0,48074410.0,77.7,4.1,10.55,100.0,wdi_extract_2024Q4.csv,2026-08-18 04:12:07
"Korea, Rep.",KOR,East Asia & Pacific,High income,2006,927341755674.0,48516138.0,78.6,3.96,11.04,100.0,wdi_extract_2024Q4.csv,2026-08-18 04:12:07
Indonesia,IDN,East Asia & Pacific,Upper middle income,2002,286624581461.0,220365016.0,66.7,5.88,1.4,87.59,wdi_extract_2024Q4.csv,2026-08-18 04:12:07
Canada,CAN,North America,High income,2010,1601692635751.0,34043652.0,unknown,8.6,16.76,99.85,wdi_extract_2024Q4.csv,2026-08-18 04:12:07
Italy,ITA,Europe & Central Asia,High income,2011,2178433827061.0,59307468.0,82.1,8.9,6.96,99.24,wdi_extract_2024Q4.csv,2026-08-18 04:12:07
Germany,DEU,Europe & Central Asia,High income,2021,4285259357467.0,83745797.0,80.7,3.59,7.32,100.0,wdi_extract_2024Q4.csv,2026-08-18 04:12:07
Norway,NOR,Europe & Central Asia,High income,2005,301050765772.0,4691329.0,80.0,3.56,8.43,99.76,wdi_extract_2024Q4.csv,2026-08-18 04:12:07
"Korea, Rep.",KOR,East Asia & Pacific,High income,2022,1700447864567.0,51663427.0,83.4,2.78,11.22,99.62,wdi_extract_2024Q4.csv,2026-08-18 04:12:07
Ethiopia,ETH,Sub-Saharan Africa,Low income,2008,25658942233.0,83372588.0,59.9,2.1,0.07,20.85,wdi_extract_2024Q4.csv,2026-08-18 04:12:07
Vietnam,VNM,East Asia & Pacific,Lower middle income,2001,38892033056.0,80663957.0,72.3,2.16,0.8,87.01,wdi_extract_2024Q4.csv,2026-08-18 04:12:07
Canada,CAN,North America,High income,2013,1664316261773.0,35207359.0,81.4,7.61,15.8,99.5,wdi_extract_2024Q4.csv,2026-08-18 04:12:07
Russian Federation,RUS,Europe & Central Asia,Upper middle income,2017,1660060354211.0,144170543.0,72.2,5.24,11.12,99.7,wdi_extract_2024Q4.csv,2026-08-18 04:12:07
Norway,NOR,Europe & Central Asia,High income,2003,252043658257.0,4609534.0,79.5,3.51,8.68,100.0,wdi_extract_2024Q4.csv,2026-08-18 04:12:07
India,IND,South Asia,Lower middle income,2022,3380921757318.0,1418235622.0,70.6,4.69,1.95,99.68,wdi_extract_2024Q4.csv,2026-08-18 04:12:07
Argentina,ARG,Latin America & Caribbean,Upper middle income,2000,284168147000.0,37076604.0,73.6,14.9,3.59,94.28,wdi_extract_2024Q4.csv,2026-08-18 04:12:07
Poland,POL,Europe & Central Asia,High income,2000,175715750581.0,38342395.0,73.7,15.89,7.71,99.84,wdi_extract_2024Q4.csv,2026-08-18 04:12:07
Turkiye,TUR,Europe & Central Asia,Upper middle income,2012,784239505917.0,74785641.0,75.5,12.13,4.13,100.0,wdi_extract_2024Q4.csv,2026-08-18 04:12:07
Thailand,THA,East Asia & Pacific,Upper middle income,2000,126024440889.0,63150295.0,70.8,2.35,2.8,82.04,wdi_extract_2024Q4.csv,2026-08-18 04:12:07
Australia,AUS,East Asia & Pacific,High income,2003,625806897030.0,20061973.0,80.0,5.98,17.23,99.76,wdi_extract_2024Q4.csv,2026-08-18 04:12:07
"Egypt, Arab Rep.",EGY,Middle East & North Africa,Lower middle income,2018,307380989931.0,98182958.0,70.5,8.79,2.38,99.66,wdi_extract_2024Q4.csv,2026-08-18 04:12:07
Argentina,ARG,Latin America & Caribbean,Upper middle income,2019,454375817647.0,44914517.0,76.7,10.1,4.04,100.0,wdi_extract_2024Q4.csv,2026-08-18 04:12:07
Russian Federation,RUS,Europe & Central Asia,Upper middle income,2007,1141323079502.0,144373376.0,67.8,8.29,11.36,100.0,wdi_extract_2024Q4.csv,2026-08-18 04:12:07
Mexico,MEX,Latin America & Caribbean,Upper middle income,2017,1276476316057.0,122670909.0,75.3,3.79,3.58,99.76,wdi_extract_2024Q4.csv,2026-08-18 04:12:07
Sweden,SWE,Europe & Central Asia,High income,2010,486242210709.0,9371932.0,81.7,9.06,5.24,100.0,wdi_extract_2024Q4.csv,2026-08-18 04:12:07
Netherlands,NLD,Europe & Central Asia,High income,2003,544294855165.0,16093854.0,79.0,3.59,10.94,100.0,wdi_extract_2024Q4.csv,2026-08-18 04:12:07
China,CHN,East Asia & Pacific,Upper middle income,2020,15261057522417.0,1408563002.0,77.9,4.91,7.22,100.0,wdi_extract_2024Q4.csv,2026-08-18 04:12:07
Germany,DEU,Europe & Central Asia,High income,2016,3727645451003.0,82635858.0,80.9,4.24,8.41,99.92,wdi_extract_2024Q4.csv,2026-08-18 04:12:07
Russian Federation,RUS,Europe & Central Asia,Upper middle income,2015,1636796861855.0,144043178.0,71.2,5.9,11.4,100.0,wdi_extract_2024Q4.csv,2026-08-18 04:12:07
Poland,POL,Europe & Central Asia,High income,2017,592898466515.0,37948385.0,77.8,5.0,8.19,99.57,wdi_extract_2024Q4.csv,2026-08-18 04:12:07
Norway,NOR,Europe & Central Asia,High income,2011,425914008074.0,4939722.0,81.6,3.58,8.94,100.0,wdi_extract_2024Q4.csv,2026-08-18 04:12:07
Russian Federation,RUS,Europe & Central Asia,Upper middle income,2022,1891269317479.0,143983930.0,71.9,3.5,11.1,99.88,wdi_extract_2024Q4.csv,2026-08-18 04:12:07
Brazil,BRA,Latin America & Caribbean,Upper middle income,2023,2200471962764.0,216365931.0,75.9,7.61,2.27,99.54,wdi_extract_2024Q4.csv,2026-08-18 04:12:07
Norway,nor,Europe & Central Asia,High income,2021,467264208705.0,5432140.0,83.4,4.24,6.39,100.0,wdi_extract_2024Q4.csv,2026-08-18 04:12:07
Saudi Arabia,SAU,Middle East & North Africa,High income,2013,621622426459.0,29711650.0,75.4,5.74,15.75,99.57,wdi_extract_2024Q4.csv,2026-08-18 04:12:07
India,IND,South Asia,Lower middle income,2003,818768739482.0,1111369812.0,63.9,7.99,1.07,63.32,wdi_extract_2024Q4.csv,2026-08-18 04:12:07
"Egypt, Arab Rep.",EGY,Middle East & North Africa,Lower middle income,2006,168158498645.0,77154061.0,69.6,8.65,2.26,98.74,wdi_extract_2024Q4.csv,2026-08-18 04:12:07
South Africa,ZAF,Sub-Saharan Africa,Upper middle income,2004,246230185100.0,47397183.0,57.2,26.68,8.13,75.93,wdi_extract_2024Q4.csv,2026-08-18 04:12:07
Ethiopia,ETH,Sub-Saharan Africa,Low income,2011,36466181104.0,90534482.0,62.5,2.1,0.08,25.45,wdi_extract_2024Q4.csv,2026-08-18 04:12:07
Germany,DEU,Europe & Central Asia,High income,2005,2716766053363.0,81971394.0,79.1,7.76,9.9,100.0,wdi_extract_2024Q4.csv,2026-08-18 04:12:07
"Korea, Rep.",KOR,East Asia & Pacific,High income,2001,631101245689.0,47266650.0,76.5,4.19,9.33,100.0,wdi_extract_2024Q4.csv,2026-08-18 04:12:07
Indonesia,IDN,East Asia & Pacific,Upper middle income,2021,1283529850914.0,273890292.0,69.7,3.83,2.35,99.18,wdi_extract_2024Q4.csv,2026-08-18 04:12:07
Indonesia,IDN,East Asia & Pacific,Upper middle income,2001,228648146907.0,216799358.0,66.3,6.35,1.35,86.74,wdi_extract_2024Q4.csv,2026-08-18 04:12:07
Russian Federation,RUS,Europe & Central Asia,Upper middle income,2001,382755466342.0,146066762.0,65.9,10.21,10.57,100.0,wdi_extract_2024Q4.csv,2026-08-18 04:12:07
Japan,JPN,East Asia & Pacific,High income,2018,5160631261415.0,126794694.0,84.2,2.69,8.55,100.0,wdi_extract_2024Q4.csv,2026-08-18 04:12:07
South Africa,ZAF,Sub-Saharan Africa,Upper middle income,2001,161588378143.0,45525702.0,56.4,25.57,8.15,71.54,wdi_extract_2024Q4.csv,2026-08-18 04:12:07
Poland,POL,Europe & Central Asia,High income,2002,235392083328.0,38222082.0,74.2,14.91,8.0,100.0,wdi_extract_2024Q4.csv,2026-08-18 04:12:07
Australia,AUS,East Asia & Pacific,High income,2021,1639499919452.0,25985408.0,83.7,5.31,14.5,99.64,wdi_extract_2024Q4.csv,2026-08-18 04:12:07
Mexico,MEX,Latin America & Caribbean,Upper middle income,2003,826276924611.0,103367389.0,74.6,3.53,3.88,97.43,wdi_extract_2024Q4.csv,2026-08-18 04:12:07
United Kingdom,GBR,Europe & Central Asia,High income,2001,1734179449361.0,59309095.0,78.0,5.41,9.06,100.0,wdi_extract_2024Q4.csv,2026-08-18 04:12:07
India,IND,South Asia,Lower middle income,2001,581738896255.0,1076546304.0,63.0,7.54,0.93,60.46,wdi_extract_2024Q4.csv,2026-08-18 04:12:07
Canada,CAN,North America,High income,2022,2069747525650.0,39451131.0,81.7,6.13,14.64,100.0,wdi_extract_2024Q4.csv,2026-08-18 04:12:07
Nigeria,NGA,Sub-Saharan Africa,Lower middle income,2006,241388458198.0,144807943.0,49.0,3.62,0.74,48.76,wdi_extract_2024Q4.csv,2026-08-18 04:12:07
Turkiye,TUR,Europe & Central Asia,Upper middle income,2014,779690724366.0,77276641.0,76.2,12.23,4.32,100.0,wdi_extract_2024Q4.csv,2026-08-18 04:12:07
Norway,NOR,Europe & Central Asia,High income,2020,426003748737.0,5393577.0,83.3,4.83,6.34,100.0,wdi_extract_2024Q4.csv,2026-08-18 04:12:07
Japan,JPN,East Asia & Pacific,High income,2004,5277742806005.0,127323987.0,81.9,5.13,9.38,99.63,wdi_extract_2024Q4.csv,2026-08-18 04:12:07
Sweden,SWE,Europe & Central Asia,High income,2007,425385996423.0,9228054.0,80.9,7.74,5.4,99.69,wdi_extract_2024Q4.csv,2026-08-18 04:12:07
Argentina,ARG,Latin America & Caribbean,Upper middle income,2003,325024905312.0,38335010.0,74.3,13.29,3.95,96.28,wdi_extract_2024Q4.csv,2026-08-18 04:12:07
Poland,POL,Europe & Central Asia,High income,2006,361022757919.0,38152718.0,75.2,12.24,8.43,100.0,wdi_extract_2024Q4.csv,2026-08-18 04:12:07
Spain,ESP,Europe & Central Asia,High income,2013,1478072248388.0,46775193.0,82.6,20.21,5.77,99.82,wdi_extract_2024Q4.csv,2026-08-18 04:12:07
China,CHN,East Asia & Pacific,Upper middle income,2015,10561179051013.0,1378025052.0,76.4,4.64,6.81,99.77,wdi_extract_2024Q4.csv,2026-08-18 04:12:07
Vietnam,VNM,East Asia & Pacific,Lower middle income,2005,74002902387.0,83663791.0,73.0,1.68,1.16,91.96,wdi_extract_2024Q4.csv,2026-08-18 04:12:07
Sweden,SWE,Europe & Central Asia,High income,2004,353562585909.0,9075469.0,80.3,6.87,5.49,99.77,wdi_extract_2024Q4.csv,2026-08-18 04:12:07
China,CHN,East Asia & Pacific,Upper middle income,2011,7123349091068.0,1346173287.0,74.9,4.55,6.03,99.74,wdi_extract_2024Q4.csv,2026-08-18 04:12:07
Kenya,KEN,Sub-Saharan Africa,Lower middle income,2012,57764827252.0,43262405.0,62.7,5.75,0.34,29.57,wdi_extract_2024Q4.csv,2026-08-18 04:12:07
Italy,ITA,Europe & Central Asia,High income,2023,2284223282141.0,58965055.0,83.7,7.76,4.97,99.97,wdi_extract_2024Q4.csv,2026-08-18 04:12:07
Thailand,THA,East Asia & Pacific,Upper middle income,2009,304535863539.0,66783512.0,73.5,1.5,4.07,97.66,wdi_extract_2024Q4.csv,2026-08-18 04:12:07
"Korea, Rep.",KOR,East Asia & Pacific,High income,2000,581473232875.0,47008660.0,76.0,4.4,8.76,99.92,wdi_extract_2024Q4.csv,2026-08-18 04:12:07
"Korea, Rep.",KOR,East Asia & Pacific,High income,2020,1673715512075.0,51724514.0,83.4,3.9,11.59,100.0,wdi_extract_2024Q4.csv,2026-08-18 04:12:07
India,IND,South Asia,Lower middle income,2011,1780037806162.0,1251391702.0,67.3,7.88,1.49,77.72,wdi_extract_2024Q4.csv,2026-08-18 04:12:07
Turkiye,TUR,Europe & Central Asia,Upper middle income,2015,"$763,325,006,735",NULL,76.6,12.04,4.51,99.84,wdi_extract_2024Q4.csv,2026-08-18 04:12:07
Kenya,KEN,Sub-Saharan Africa,Lower middle income,2018,95327109333.0,48538098.0,65.7,5.34,0.39,64.23,wdi_extract_2024Q4.csv,2026-08-18 04:12:07
Kenya,KEN,Sub-Saharan Africa,Lower middle income,2002,19442564852.0,33036984.0,53.5,4.76,0.31,15.98,wdi_extract_2024Q4.csv,2026-08-18 04:12:07
Argentina,ARG,Latin America & Caribbean,Upper middle income,2011,417431615617.0,41594949.0,75.7,7.91,4.36,98.35,wdi_extract_2024Q4.csv,2026-08-18 04:12:07
Thailand,THA,East Asia & Pacific,Upper middle income,FY2013,412102176758.0,68586616.0,75.7,0.85,4.13,99.22,wdi_extract_2024Q4.csv,2026-08-18 04:12:07
Poland,POL,Europe & Central Asia,High income,2018,603451882984.0,37883068.0,78.0,4.31,7.71,100.0,wdi_extract_2024Q4.csv,2026-08-18 04:12:07
Russian Federation,RUS,Europe & Central Asia,Upper middle income,2005.0,893701996793.0,144829913.0,67.1,8.65,10.8,100.0,wdi_extract_2024Q4.csv,2026-08-18 04:12:07
Japan,JPN,East Asia & Pacific,High income,2020,4657069483705.0,126053815.0,84.4,2.79,7.6,100.0,wdi_extract_2024Q4.csv,2026-08-18 04:12:07
Thailand,THA,East Asia & Pacific,Upper middle income,2007,276567520241.0,65893582.0,73.1,1.34,3.95,94.2,wdi_extract_2024Q4.csv,2026-08-18 04:12:07
Kenya,KEN,Sub-Saharan Africa,Lower middle income,2008,38552174878.0,39382768.0,59.5,5.66,0.3,18.08,wdi_extract_2024Q4.csv,2026-08-18 04:12:07
India,IND,South Asia,Lower middle income,2000,463893117707.0,1059795314.0,62.3,7.91,0.93,59.18,wdi_extract_2024Q4.csv,2026-08-18 04:12:07
Vietnam,VNM,East Asia & Pacific,Lower middle income,2000,31194640524.0,79848079.0,72.0,2.29,0.72,86.14,wdi_extract_2024Q4.csv,2026-08-18 04:12:07
Norway,NOR,Europe & Central Asia,High income,2017,422041596373.0,5244348.0,82.7,3.9,7.49,100.0,wdi_extract_2024Q4.csv,2026-08-18 04:12:07
Australia,AUS,East Asia & Pacific,High income,2006,848206159396.0,20879453.0,80.8,5.34,17.71,99.83,wdi_extract_2024Q4.csv,2026-08-18 04:12:07
Indonesia,IDN,East Asia & Pacific,Upper middle income,2015,967596092694.0,258435741.0,70.2,4.53,1.97,96.49,wdi_extract_2024Q4.csv,2026-08-18 04:12:07
Indonesia,IDN,East Asia & Pacific,Upper middle income,2010,759206445799.0,244071176.0,68.5,5.81,1.77,92.92,wdi_extract_2024Q4.csv,2026-08-18 04:12:07
United States,USA,North America,High income,2001,10939677887076.0,284924364.0,76.8,4.55,19.59,100.0,wdi_extract_2024Q4.csv,2026-08-18 04:12:07
Canada,CAN,North America,High income,2007,1357742785957.0,33025142.0,80.7,7.4,16.72,99.46,wdi_extract_2024Q4.csv,2026-08-18 04:12:07
Brazil,BRA,Latin America & Caribbean,Upper middle income,2001,807867389704.0,177955079.0,70.4,9.24,1.83,95.44,wdi_extract_2024Q4.csv,2026-08-18 04:12:07
India,IND,South Asia,Lower middle income,2002,709518550495.0,1094302851.0,63.3,7.92,1.02,62.53,wdi_extract_2024Q4.csv,2026-08-18 04:12:07
Italy,ITA,Europe & Central Asia,High income,2004,1545950204442.0,57845385.0,80.6,9.08,7.94,99.95,wdi_extract_2024Q4.csv,2026-08-18 04:12:07
United States,USA,North America,High income,2009,14021154613861.0,306692489.0,78.5,10.73,17.8,100.0,wdi_extract_2024Q4.csv,2026-08-18 04:12:07
Indonesia,IDN,East Asia & Pacific,Upper middle income,2006,524252432752.0,231821898.0,67.6,5.6,1.51,90.3,wdi_extract_2024Q4.csv,2026-08-18 04:12:07
Italy,ITA,Europe & Central Asia,High income,2006,1741605841434.0,58372548.0,81.1,9.27,7.62,100.0,wdi_extract_2024Q4.csv,2026-08-18 04:12:07
Russian Federation,RUS,Europe & Central Asia,Upper middle income,2000,262310645715.0,146707783.0,65.5,11.29,10.49,99.92,wdi_extract_2024Q4.csv,2026-08-18 04:12:07
Saudi Arabia,SAU,Middle East & North Africa,High income,2009,486096164465.0,26734486.0,74.3,5.88,15.31,99.71,wdi_extract_2024Q4.csv,2026-08-18 04:12:07
Nigeria,NGA,Sub-Saharan Africa,Lower middle income,2002,127297132535.0,130227011.0,47.4,3.74,0.7,46.13,wdi_extract_2024Q4.csv,2026-08-18 04:12:07
Norway,NOR,Europe & Central Asia,High income,2001,193774881237.0,4532128.0,79.0,3.52,8.72,100.0,wdi_extract_2024Q4.csv,2026-08-18 04:12:07
Norway,NOR,Europe & Central Asia,High income,2016,415505182227.0,5198371.0,82.6,3.9,7.76,100.0,wdi_extract_2024Q4.csv,2026-08-18 04:12:07
South Africa,ZAF,Sub-Saharan Africa,Upper middle income,2023,376122756718.0,60418653.0,66.0,32.99,-6.5,87.44,wdi_extract_2024Q4.csv,2026-08-18 04:12:07
Vietnam,VNM,East Asia & Pacific,Lower middle income,2011,141985697301.0,88363095.0,73.9,1.29,1.77,97.45,wdi_extract_2024Q4.csv,2026-08-18 04:12:07
Norway,NOR,Europe & Central Asia,High income,2002,223590294278.0,4567820.0,79.2,3.6,8.84,99.69,wdi_extract_2024Q4.csv,2026-08-18 04:12:07
Argentina,ARG,Latin America & Caribbean,Upper middle income,2001,298140693117.0,37489660.0,73.9,14.36,3.85,95.27,wdi_extract_2024Q4.csv,2026-08-18 04:12:07
